system,band,eps,N,kappa_lower,kappa_upper,sigma_min_lo,sigma_max_hi,conclusive
B12,249,-0.33941,0,19.732,inf,0.0,0.95163,False
B12,249,-0.33941,1,14.417,inf,0.0,1.14602,False
B12,249,-0.33941,2,11.269,19.85,0.05785,1.14837,True
B12,249,-0.33941,3,9.144,13.282,0.09197,1.22159,True
B12,249,-0.33941,4,7.806,9.561,0.13515,1.29217,True
B12,249,-0.33941,5,6.75,7.58,0.17826,1.35111,True
B12,249,-0.33941,6,6.593,7.309,0.21455,1.56805,True
B12,249,-0.33941,7,7.548,8.786,0.23785,2.08973,True
B12,249,-0.33941,8,9.278,11.734,0.25302,2.96898,True
B12,249,-0.33941,9,11.837,15.028,0.29323,4.40687,True
B12,249,-0.33941,10,15.284,27.719,0.2424,6.71907,True
B12,0,-1.1601,0,21.399,inf,0.0,1.09742,False
B12,0,-1.1601,1,9.426,11.718,0.10042,1.17672,True
B12,0,-1.1601,2,5.89,7.192,0.15234,1.09568,True
B12,0,-1.1601,3,4.794,5.369,0.20892,1.12166,True
B12,0,-1.1601,4,3.938,4.072,0.27681,1.12718,True
B12,0,-1.1601,5,3.332,3.38,0.33254,1.12383,True
B12,0,-1.1601,6,3.001,3.034,0.38069,1.15494,True
B12,0,-1.1601,7,2.587,2.607,0.42577,1.1101,True
B12,0,-1.1601,8,2.553,2.57,0.46709,1.20055,True
B12,0,-1.1601,9,2.155,2.168,0.5053,1.0954,True
B12,0,-1.1601,10,2.316,2.331,0.54044,1.25973,True
B12,25,-1.0036,0,21.057,inf,0.0,1.06794,False
B12,25,-1.0036,1,9.437,11.77,0.09937,1.16958,True
B12,25,-1.0036,2,6.007,7.523,0.14641,1.1014,True
B12,25,-1.0036,3,4.912,5.479,0.207,1.13423,True
B12,25,-1.0036,4,4.048,4.173,0.2746,1.146,True
B12,25,-1.0036,5,3.432,3.474,0.32978,1.14552,True
B12,25,-1.0036,6,2.992,3.028,0.37634,1.13971,True
B12,25,-1.0036,7,2.668,2.705,0.41842,1.13177,True
B12,25,-1.0036,8,2.421,2.445,0.45937,1.12321,True
B12,25,-1.0036,9,2.225,2.238,0.49817,1.11473,True
B12,25,-1.0036,10,2.068,2.073,0.53387,1.10668,True
B12,50,-0.83113,0,20.693,inf,0.0,1.03641,False
B12,50,-0.83113,1,9.456,11.967,0.09699,1.16067,True
B12,50,-0.83113,2,6.512,9.289,0.1194,1.10901,True
B12,50,-0.83113,3,5.344,5.993,0.19176,1.14932,True
B12,50,-0.83113,4,4.405,4.593,0.25498,1.17115,True
B12,50,-0.83113,5,3.725,3.787,0.31051,1.17601,True
B12,50,-0.83113,6,3.23,3.25,0.36072,1.17229,True
B12,50,-0.83113,7,2.858,2.866,0.40628,1.16448,True
B12,50,-0.83113,8,2.574,2.578,0.44826,1.15557,True
B12,50,-0.83113,9,2.432,2.434,0.48703,1.18558,True
B12,50,-0.83113,10,2.379,2.381,0.52289,1.24518,True
B12,75,-0.69331,0,20.409,inf,0.0,1.01191,False
B12,75,-0.69331,1,9.522,12.88,0.08954,1.15319,True
B12,75,-0.69331,2,7.319,10.191,0.10964,1.11735,True
B12,75,-0.69331,3,5.899,6.708,0.17339,1.16312,True
B12,75,-0.69331,4,4.853,4.994,0.23936,1.19543,True
B12,75,-0.69331,5,4.09,4.126,0.29257,1.20724,True
B12,75,-0.69331,6,3.53,3.541,0.341,1.20753,True
B12,75,-0.69331,7,3.143,3.148,0.38629,1.21618,True
B12,75,-0.69331,8,3.081,3.085,0.42875,1.32283,True
B12,75,-0.69331,9,3.15,3.157,0.46846,1.47916,True
B12,75,-0.69331,10,3.339,3.356,0.50479,1.69416,True
B12,100,-0.62687,0,20.275,inf,0.0,1.00032,False
B12,100,-0.62687,1,9.63,14.769,0.07783,1.14949,True
B12,100,-0.62687,2,7.73,10.61,0.10575,1.12195,True
B12,100,-0.62687,3,6.256,7.178,0.16309,1.17074,True
B12,100,-0.62687,4,5.149,5.322,0.22717,1.20893,True
B12,100,-0.62687,5,4.339,4.388,0.27926,1.22527,True
B12,100,-0.62687,6,3.742,3.754,0.32747,1.22939,True
B12,100,-0.62687,7,3.488,3.495,0.37214,1.30081,True
B12,100,-0.62687,8,3.55,3.564,0.4139,1.47513,True
B12,100,-0.62687,9,3.788,3.819,0.45254,1.72818,True
B12,100,-0.62687,10,4.215,4.309,0.48421,2.08626,True
B12,125,-0.57985,0,20.182,inf,0.0,0.99221,False
B12,125,-0.57985,1,9.798,19.213,0.05969,1.14692,True
B12,125,-0.57985,2,8.052,11.264,0.09992,1.12548,True
B12,125,-0.57985,3,6.561,7.574,0.15537,1.17672,True
B12,125,-0.57985,4,5.407,5.644,0.21605,1.21939,True
B12,125,-0.57985,5,4.559,4.618,0.2684,1.23957,True
B12,125,-0.57985,6,3.939,3.955,0.31588,1.24939,True
B12,125,-0.57985,7,3.819,3.835,0.3597,1.37935,True
B12,125,-0.57985,8,4.003,4.04,0.39984,1.61516,True
B12,125,-0.57985,9,4.417,4.519,0.43431,1.96273,True
B12,125,-0.57985,10,5.084,5.404,0.45633,2.46585,True
B12,150,-0.54069,0,20.106,inf,0.0,0.98551,False
B12,150,-0.54069,1,10.05,40.73,0.02814,1.14628,True
B12,150,-0.54069,2,8.358,12.138,0.09299,1.12862,True
B12,150,-0.54069,3,6.85,8.009,0.14761,1.18222,True
B12,150,-0.54069,4,5.662,5.979,0.20551,1.22879,True
B12,150,-0.54069,5,4.779,4.855,0.25801,1.25267,True
B12,150,-0.54069,6,4.157,4.186,0.30446,1.27452,True
B12,150,-0.54069,7,4.166,4.202,0.34681,1.45731,True
B12,150,-0.54069,8,4.481,4.572,0.38411,1.75606,True
B12,150,-0.54069,9,5.083,5.312,0.41485,2.20361,True
B12,150,-0.54069,10,5.93,7.1,0.40334,2.86374,True
B12,175,-0.51274,0,20.052,inf,0.0,0.98076,False
B12,175,-0.51274,1,10.324,inf,0.0,1.14417,False
B12,175,-0.51274,2,8.607,12.963,0.08725,1.13098,True
B12,175,-0.51274,3,7.079,8.422,0.14089,1.18649,True
B12,175,-0.51274,4,5.87,6.262,0.19737,1.23594,True
B12,175,-0.51274,5,4.96,5.06,0.24956,1.26281,True
B12,175,-0.51274,6,4.362,4.411,0.29498,1.30112,True
B12,175,-0.51274,7,4.46,4.528,0.33579,1.52057,True
B12,175,-0.51274,8,4.889,5.08,0.36848,1.87197,True
B12,175,-0.51274,9,5.637,6.25,0.38482,2.40494,True
B12,175,-0.51274,10,6.587,7.466,0.4288,3.20141,True
B12,200,-0.47571,0,19.982,inf,0.0,0.9745,False
B12,200,-0.47571,1,10.866,inf,0.0,1.14319,False
B12,200,-0.47571,2,8.99,14.292,0.07937,1.13428,True
B12,200,-0.47571,3,7.411,9.149,0.13036,1.19269,True
B12,200,-0.47571,4,6.186,6.722,0.18536,1.24608,True
B12,200,-0.47571,5,5.238,5.402,0.23649,1.2775,True
B12,200,-0.47571,6,4.701,4.805,0.28002,1.34551,True
B12,200,-0.47571,7,4.922,5.08,0.31791,1.61512,True
B12,200,-0.47571,8,5.519,5.999,0.34137,2.04781,True
B12,200,-0.47571,9,6.443,7.273,0.3733,2.71511,True
B12,200,-0.47571,10,7.77,8.618,0.43269,3.72911,True
B12,225,-0.38063,0,19.806,inf,0.0,0.95851,False
B12,225,-0.38063,1,13.101,inf,0.0,1.14536,False
B12,225,-0.38063,2,10.38,18.019,0.06348,1.14374,True
B12,225,-0.38063,3,8.474,12.036,0.10068,1.21175,True
B12,225,-0.38063,4,7.221,8.566,0.14902,1.27646,True
B12,225,-0.38063,5,6.203,6.914,0.1916,1.32465,True
B12,225,-0.38063,6,5.899,6.61,0.22554,1.49077,True
B12,225,-0.38063,7,6.505,7.35,0.26159,1.9226,True
B12,225,-0.38063,8,7.706,8.752,0.30146,2.63823,True
B12,225,-0.38063,9,9.659,11.68,0.32439,3.7888,True
B12,225,-0.38063,10,12.549,16.329,0.34348,5.60858,True
C60_4,479,-0.35919,0,19.992,inf,0.0,0.95688,False
C60_4,479,-0.35919,1,15.986,inf,0.0,1.14529,False
C60_4,479,-0.35919,2,11.545,18.009,0.06023,1.08479,True
C60_4,479,-0.35919,3,9.573,12.031,0.10012,1.2045,True
C60_4,479,-0.35919,4,8.236,9.954,0.13025,1.29647,True
C60_4,479,-0.35919,5,7.22,8.43,0.16087,1.3561,True
C60_4,479,-0.35919,6,6.453,7.508,0.18589,1.39565,True
C60_4,479,-0.35919,7,5.82,6.144,0.23409,1.43814,True
C60_4,479,-0.35919,8,6.391,7.107,0.25109,1.78462,True
C60_4,479,-0.35919,9,7.472,9.042,0.26128,2.36254,True
C60_4,479,-0.35919,10,9.302,10.938,0.3022,3.30553,True
C60_4,0,-1.0821,0,21.365,inf,0.0,1.0847,False
C60_4,0,-1.0821,1,9.35,11.704,0.0981,1.14822,True
C60_4,0,-1.0821,2,5.79,6.371,0.16991,1.08255,True
C60_4,0,-1.0821,3,4.481,4.719,0.23627,1.11491,True
C60_4,0,-1.0821,4,3.665,3.786,0.29639,1.12218,True
C60_4,0,-1.0821,5,3.112,3.187,0.35098,1.11873,True
C60_4,0,-1.0821,6,2.716,2.764,0.40146,1.10973,True
C60_4,0,-1.0821,7,2.422,2.454,0.44791,1.09936,True
C60_4,0,-1.0821,8,2.197,2.221,0.49067,1.0898,True
C60_4,0,-1.0821,9,2.02,2.039,0.53005,1.08074,True
C60_4,0,-1.0821,10,1.896,1.908,0.56636,1.0808,True
C60_4,48,-0.95851,0,21.099,inf,0.0,1.06163,False
C60_4,48,-0.95851,1,9.367,11.758,0.09728,1.14386,True
C60_4,48,-0.95851,2,5.82,6.408,0.16885,1.08206,True
C60_4,48,-0.95851,3,4.543,4.789,0.23459,1.1235,True
C60_4,48,-0.95851,4,3.739,3.873,0.29452,1.14063,True
C60_4,48,-0.95851,5,3.184,3.263,0.34894,1.13875,True
C60_4,48,-0.95851,6,2.782,2.83,0.39923,1.12997,True
C60_4,48,-0.95851,7,2.481,2.514,0.44562,1.12048,True
C60_4,48,-0.95851,8,2.249,2.275,0.48832,1.11113,True
C60_4,48,-0.95851,9,2.065,2.087,0.52769,1.10103,True
C60_4,48,-0.95851,10,1.918,1.934,0.56402,1.09077,True
C60_4,96,-0.89417,0,20.963,inf,0.0,1.04982,False
C60_4,96,-0.89417,1,9.378,11.811,0.09663,1.14131,True
C60_4,96,-0.89417,2,5.841,6.441,0.16792,1.08163,True
C60_4,96,-0.89417,3,4.579,4.829,0.23376,1.12881,True
C60_4,96,-0.89417,4,3.782,3.916,0.29389,1.15086,True
C60_4,96,-0.89417,5,3.226,3.306,0.3481,1.15094,True
C60_4,96,-0.89417,6,2.822,2.871,0.39821,1.1433,True
C60_4,96,-0.89417,7,2.518,2.559,0.44457,1.13784,True
C60_4,96,-0.89417,8,2.283,2.317,0.48723,1.12896,True
C60_4,96,-0.89417,9,2.096,2.121,0.52648,1.11672,True
C60_4,96,-0.89417,10,1.944,1.964,0.56279,1.10509,True
C60_4,144,-0.76269,0,20.694,inf,0.0,1.02613,False
C60_4,144,-0.76269,1,9.459,12.373,0.09201,1.13843,True
C60_4,144,-0.76269,2,6.135,7.396,0.14614,1.0808,True
C60_4,144,-0.76269,3,4.899,5.384,0.21217,1.14222,True
C60_4,144,-0.76269,4,4.047,4.252,0.27567,1.17223,True
C60_4,144,-0.76269,5,3.433,3.545,0.33346,1.18214,True
C60_4,144,-0.76269,6,2.983,3.071,0.38555,1.18395,True
C60_4,144,-0.76269,7,2.644,2.705,0.4341,1.17422,True
C60_4,144,-0.76269,8,2.377,2.416,0.48117,1.16254,True
C60_4,144,-0.76269,9,2.174,2.196,0.52378,1.14998,True
C60_4,144,-0.76269,10,2.014,2.035,0.56016,1.13965,True
C60_4,192,-0.69581,0,20.562,inf,0.0,1.01429,False
C60_4,192,-0.69581,1,9.605,13.69,0.08321,1.13911,True
C60_4,192,-0.69581,2,6.586,7.944,0.13602,1.08054,True
C60_4,192,-0.69581,3,5.221,5.578,0.20617,1.15007,True
C60_4,192,-0.69581,4,4.305,4.464,0.26596,1.18728,True
C60_4,192,-0.69581,5,3.651,3.765,0.31844,1.19905,True
C60_4,192,-0.69581,6,3.179,3.29,0.36664,1.20629,True
C60_4,192,-0.69581,7,2.814,2.89,0.41432,1.19729,True
C60_4,192,-0.69581,8,2.525,2.57,0.46155,1.18609,True
C60_4,192,-0.69581,9,2.294,2.327,0.50515,1.17543,True
C60_4,192,-0.69581,10,2.217,2.243,0.54455,1.22161,True
C60_4,240,-0.61451,0,20.407,inf,0.0,1.0001,False
C60_4,240,-0.61451,1,10.052,21.497,0.05305,1.14051,True
C60_4,240,-0.61451,2,7.197,8.424,0.12828,1.0806,True
C60_4,240,-0.61451,3,5.706,6.127,0.18917,1.15909,True
C60_4,240,-0.61451,4,4.726,4.967,0.24325,1.20832,True
C60_4,240,-0.61451,5,4.024,4.228,0.28952,1.22422,True
C60_4,240,-0.61451,6,3.518,3.668,0.33689,1.23583,True
C60_4,240,-0.61451,7,3.108,3.171,0.38827,1.23123,True
C60_4,240,-0.61451,8,2.78,2.816,0.43447,1.22328,True
C60_4,240,-0.61451,9,2.671,2.7,0.47636,1.28603,True
C60_4,240,-0.61451,10,2.718,2.751,0.51504,1.41674,True
C60_4,288,-0.59,0,20.362,inf,0.0,0.99586,False
C60_4,288,-0.59,1,10.302,32.354,0.03526,1.1409,True
C60_4,288,-0.59,2,7.412,8.726,0.12385,1.08076,True
C60_4,288,-0.59,3,5.889,6.344,0.18316,1.16194,True
C60_4,288,-0.59,4,4.887,5.159,0.23554,1.21527,True
C60_4,288,-0.59,5,4.17,4.43,0.27967,1.23898,True
C60_4,288,-0.59,6,3.649,3.801,0.32789,1.24617,True
C60_4,288,-0.59,7,3.221,3.284,0.37861,1.24322,True
C60_4,288,-0.59,8,2.88,2.927,0.4231,1.23862,True
C60_4,288,-0.59,9,2.841,2.877,0.46485,1.33728,True
C60_4,288,-0.59,10,2.938,2.974,0.50407,1.49925,True
C60_4,336,-0.53276,0,20.259,inf,0.0,0.98604,False
C60_4,336,-0.53276,1,11.171,inf,0.0,1.14192,False
C60_4,336,-0.53276,2,8.018,9.779,0.1106,1.0815,True
C60_4,336,-0.53276,3,6.409,6.977,0.16763,1.16963,True
C60_4,336,-0.53276,4,5.347,5.755,0.21344,1.22827,True
C60_4,336,-0.53276,5,4.598,4.96,0.25496,1.26463,True
C60_4,336,-0.53276,6,4.024,4.209,0.30259,1.27346,True
C60_4,336,-0.53276,7,3.551,3.625,0.35187,1.27541,True
C60_4,336,-0.53276,8,3.277,3.338,0.39352,1.31347,True
C60_4,336,-0.53276,9,3.374,3.436,0.4333,1.48885,True
C60_4,336,-0.53276,10,3.643,3.714,0.47115,1.74971,True
C60_4,384,-0.51421,0,20.227,inf,0.0,0.98288,False
C60_4,384,-0.51421,1,11.538,inf,0.0,1.14229,False
C60_4,384,-0.51421,2,8.255,10.205,0.10601,1.08184,True
C60_4,384,-0.51421,3,6.611,7.251,0.16171,1.17257,True
C60_4,384,-0.51421,4,5.528,5.991,0.20575,1.23264,True
C60_4,384,-0.51421,5,4.763,5.167,0.24606,1.27147,True
C60_4,384,-0.51421,6,4.173,4.374,0.29347,1.28356,True
C60_4,384,-0.51421,7,3.683,3.764,0.34201,1.28716,True
C60_4,384,-0.51421,8,3.451,3.521,0.38277,1.3479,True
C60_4,384,-0.51421,9,3.598,3.671,0.42199,1.5492,True
C60_4,384,-0.51421,10,3.946,4.053,0.45686,1.85174,True
C60_4,432,-0.40731,0,20.057,inf,0.0,0.96487,False
C60_4,432,-0.40731,1,14.329,inf,0.0,1.14393,False
C60_4,432,-0.40731,2,10.185,13.84,0.0783,1.08361,True
C60_4,432,-0.40731,3,8.316,9.901,0.12066,1.19464,True
C60_4,432,-0.40731,4,7.075,8.13,0.15765,1.28171,True
C60_4,432,-0.40731,5,6.165,7.037,0.18821,1.32446,True
C60_4,432,-0.40731,6,5.463,5.968,0.22699,1.3547,True
C60_4,432,-0.40731,7,4.847,5.018,0.27345,1.37207,True
C60_4,432,-0.40731,8,5.069,5.283,0.30583,1.61572,True
C60_4,432,-0.40731,9,5.739,6.237,0.32697,2.03927,True
C60_4,432,-0.40731,10,6.86,7.736,0.35083,2.71408,True
MAPbI3,639,-0.01268,0,19.237,inf,0.0,0.6559,False
MAPbI3,639,-0.01268,1,12.883,15.702,0.07069,1.11003,True
MAPbI3,639,-0.01268,2,7.776,8.938,0.11655,1.04175,True
MAPbI3,639,-0.01268,3,5.873,6.546,0.16304,1.06721,True
MAPbI3,639,-0.01268,4,4.84,5.16,0.21331,1.10062,True
MAPbI3,639,-0.01268,5,4.122,4.201,0.26685,1.12093,True
MAPbI3,639,-0.01268,6,3.586,3.633,0.31161,1.13218,True
MAPbI3,639,-0.01268,7,3.196,3.256,0.35169,1.14499,True
MAPbI3,639,-0.01268,8,3.054,3.13,0.38939,1.21864,True
MAPbI3,639,-0.01268,9,3.055,3.136,0.42693,1.33906,True
MAPbI3,639,-0.01268,10,3.186,3.255,0.46606,1.5171,True
MAPbI3,0,-0.82331,0,7.559,8.666,0.08698,0.7538,True
MAPbI3,0,-0.82331,1,4.274,4.599,0.24672,1.13462,True
MAPbI3,0,-0.82331,2,2.555,2.6,0.39323,1.02257,True
MAPbI3,0,-0.82331,3,2.024,2.047,0.50836,1.04044,True
MAPbI3,0,-0.82331,4,1.724,1.737,0.60253,1.04678,True
MAPbI3,0,-0.82331,5,1.532,1.54,0.67869,1.04552,True
MAPbI3,0,-0.82331,6,1.401,1.406,0.74062,1.04135,True
MAPbI3,0,-0.82331,7,1.308,1.311,0.79039,1.03616,True
MAPbI3,0,-0.82331,8,1.24,1.242,0.83034,1.03094,True
MAPbI3,0,-0.82331,9,1.188,1.19,0.86246,1.02606,True
MAPbI3,0,-0.82331,10,1.149,1.15,0.88832,1.02173,True
MAPbI3,64,-0.46115,0,9.639,12.037,0.05894,0.70947,True
MAPbI3,64,-0.46115,1,5.446,5.873,0.19139,1.12411,True
MAPbI3,64,-0.46115,2,3.199,3.311,0.30959,1.02515,True
MAPbI3,64,-0.46115,3,2.478,2.511,0.41679,1.04659,True
MAPbI3,64,-0.46115,4,2.074,2.089,0.50753,1.06038,True
MAPbI3,64,-0.46115,5,1.811,1.82,0.58527,1.06531,True
MAPbI3,64,-0.46115,6,1.626,1.636,0.65028,1.06356,True
MAPbI3,64,-0.46115,7,1.491,1.498,0.7073,1.05922,True
MAPbI3,64,-0.46115,8,1.39,1.394,0.75602,1.05411,True
MAPbI3,64,-0.46115,9,1.312,1.314,0.79815,1.04872,True
MAPbI3,64,-0.46115,10,1.261,1.263,0.83285,1.05161,True
MAPbI3,128,-0.4448,0,9.786,12.089,0.05852,0.70749,True
MAPbI3,128,-0.4448,1,5.535,6.0,0.18731,1.12385,True
MAPbI3,128,-0.4448,2,3.251,3.373,0.30407,1.02567,True
MAPbI3,128,-0.4448,3,2.515,2.548,0.41087,1.04694,True
MAPbI3,128,-0.4448,4,2.103,2.119,0.50082,1.06144,True
MAPbI3,128,-0.4448,5,1.834,1.843,0.57848,1.06631,True
MAPbI3,128,-0.4448,6,1.645,1.653,0.64398,1.06476,True
MAPbI3,128,-0.4448,7,1.507,1.514,0.70037,1.06062,True
MAPbI3,128,-0.4448,8,1.403,1.407,0.75056,1.05568,True
MAPbI3,128,-0.4448,9,1.323,1.326,0.7926,1.05085,True
MAPbI3,128,-0.4448,10,1.275,1.277,0.82782,1.05737,True
MAPbI3,192,-0.40418,0,10.177,12.437,0.05649,0.70256,True
MAPbI3,192,-0.40418,1,5.779,6.358,0.17664,1.12315,True
MAPbI3,192,-0.40418,2,3.394,3.529,0.29103,1.02701,True
MAPbI3,192,-0.40418,3,2.615,2.653,0.39494,1.04781,True
MAPbI3,192,-0.40418,4,2.182,2.203,0.48304,1.06406,True
MAPbI3,192,-0.40418,5,1.898,1.909,0.55995,1.06892,True
MAPbI3,192,-0.40418,6,1.698,1.705,0.62642,1.06806,True
MAPbI3,192,-0.40418,7,1.551,1.558,0.68311,1.06462,True
MAPbI3,192,-0.40418,8,1.44,1.444,0.7344,1.06034,True
MAPbI3,192,-0.40418,9,1.358,1.361,0.77693,1.05746,True
MAPbI3,192,-0.40418,10,1.317,1.319,0.81365,1.0729,True
MAPbI3,256,-0.29914,0,11.459,15.442,0.04468,0.68989,True
MAPbI3,256,-0.29914,1,6.598,7.453,0.15037,1.12072,True
MAPbI3,256,-0.29914,2,3.876,4.056,0.2539,1.02991,True
MAPbI3,256,-0.29914,3,2.963,3.016,0.34824,1.05018,True
MAPbI3,256,-0.29914,4,2.457,2.482,0.43109,1.06994,True
MAPbI3,256,-0.29914,5,2.121,2.137,0.50446,1.07793,True
MAPbI3,256,-0.29914,6,1.884,1.895,0.56947,1.07911,True
MAPbI3,256,-0.29914,7,1.709,1.718,0.628,1.07913,True
MAPbI3,256,-0.29914,8,1.576,1.583,0.67936,1.07534,True
MAPbI3,256,-0.29914,9,1.508,1.511,0.72567,1.09682,True
MAPbI3,256,-0.29914,10,1.475,1.478,0.76568,1.13135,True
MAPbI3,320,-0.28668,0,11.651,16.096,0.04277,0.68839,True
MAPbI3,320,-0.28668,1,6.716,7.606,0.14729,1.12035,True
MAPbI3,320,-0.28668,2,3.948,4.128,0.24956,1.03026,True
MAPbI3,320,-0.28668,3,3.015,3.069,0.34225,1.05044,True
MAPbI3,320,-0.28668,4,2.498,2.524,0.42416,1.07067,True
MAPbI3,320,-0.28668,5,2.155,2.171,0.49695,1.07912,True
MAPbI3,320,-0.28668,6,1.912,1.925,0.56162,1.08091,True
MAPbI3,320,-0.28668,7,1.733,1.743,0.62011,1.08095,True
MAPbI3,320,-0.28668,8,1.598,1.605,0.67164,1.0777,True
MAPbI3,320,-0.28668,9,1.532,1.536,0.71806,1.10268,True
MAPbI3,320,-0.28668,10,1.5,1.503,0.75865,1.14033,True
MAPbI3,384,-0.10702,0,15.958,inf,0.0,0.66701,False
MAPbI3,384,-0.10702,1,9.505,10.522,0.10587,1.114,True
MAPbI3,384,-0.10702,2,5.674,6.215,0.16688,1.03714,True
MAPbI3,384,-0.10702,3,4.29,4.508,0.23437,1.05642,True
MAPbI3,384,-0.10702,4,3.521,3.583,0.30263,1.08425,True
MAPbI3,384,-0.10702,5,3.006,3.05,0.36188,1.1037,True
MAPbI3,384,-0.10702,6,2.633,2.661,0.41725,1.11021,True
MAPbI3,384,-0.10702,7,2.354,2.375,0.46953,1.11505,True
MAPbI3,384,-0.10702,8,2.213,2.233,0.51769,1.15577,True
MAPbI3,384,-0.10702,9,2.171,2.184,0.56333,1.23056,True
MAPbI3,384,-0.10702,10,2.198,2.209,0.60583,1.3382,True
MAPbI3,448,-0.08317,0,16.727,inf,0.0,0.66419,False
MAPbI3,448,-0.08317,1,10.149,11.15,0.09983,1.11304,True
MAPbI3,448,-0.08317,2,6.062,6.672,0.15561,1.03827,True
MAPbI3,448,-0.08317,3,4.585,4.864,0.21751,1.05801,True
MAPbI3,448,-0.08317,4,3.765,3.838,0.28349,1.08797,True
MAPbI3,448,-0.08317,5,3.211,3.247,0.34105,1.10756,True
MAPbI3,448,-0.08317,6,2.807,2.839,0.39278,1.11508,True
MAPbI3,448,-0.08317,7,2.507,2.545,0.44049,1.1212,True
MAPbI3,448,-0.08317,8,2.366,2.383,0.49084,1.16964,True
MAPbI3,448,-0.08317,9,2.331,2.343,0.53556,1.25479,True
MAPbI3,448,-0.08317,10,2.376,2.392,0.57574,1.37722,True
MAPbI3,512,-0.06473,0,17.332,inf,0.0,0.66202,False
MAPbI3,512,-0.06473,1,10.728,11.83,0.09402,1.11227,True
MAPbI3,512,-0.06473,2,6.416,6.941,0.14971,1.03918,True
MAPbI3,512,-0.06473,3,4.852,5.12,0.20696,1.05959,True
MAPbI3,512,-0.06473,4,3.988,4.071,0.26843,1.09282,True
MAPbI3,512,-0.06473,5,3.398,3.44,0.32288,1.11075,True
MAPbI3,512,-0.06473,6,2.966,3.015,0.37116,1.11914,True
MAPbI3,512,-0.06473,7,2.647,2.686,0.41941,1.12664,True
MAPbI3,512,-0.06473,8,2.507,2.535,0.46573,1.18077,True
MAPbI3,512,-0.06473,9,2.479,2.5,0.50998,1.27482,True
MAPbI3,512,-0.06473,10,2.54,2.568,0.54909,1.41008,True
MAPbI3,576,-0.0534,0,17.712,inf,0.0,0.66068,False
MAPbI3,576,-0.0534,1,11.125,12.373,0.08986,1.11179,True
MAPbI3,576,-0.0534,2,6.663,7.15,0.14542,1.03975,True
MAPbI3,576,-0.0534,3,5.038,5.311,0.19974,1.06081,True
MAPbI3,576,-0.0534,4,4.143,4.251,0.25774,1.09576,True
MAPbI3,576,-0.0534,5,3.528,3.581,0.31071,1.11281,True
MAPbI3,576,-0.0534,6,3.077,3.126,0.35885,1.12179,True
MAPbI3,576,-0.0534,7,2.745,2.78,0.40655,1.13025,True
MAPbI3,576,-0.0534,8,2.604,2.646,0.44904,1.18833,True
MAPbI3,576,-0.0534,9,2.581,2.615,0.49238,1.28779,True
MAPbI3,576,-0.0534,10,2.654,2.681,0.53402,1.43151,True
water_cluster_128,511,-0.37227,0,19.909,inf,0.0,0.95734,False
water_cluster_128,511,-0.37227,1,10.86,inf,0.0,1.14521,False
water_cluster_128,511,-0.37227,2,7.389,8.815,0.11752,1.03595,True
water_cluster_128,511,-0.37227,3,5.646,5.977,0.18235,1.08981,True
water_cluster_128,511,-0.37227,4,4.579,4.73,0.24004,1.13529,True
water_cluster_128,511,-0.37227,5,4.091,4.196,0.29414,1.2341,True
water_cluster_128,511,-0.37227,6,4.242,4.366,0.34405,1.50213,True
water_cluster_128,511,-0.37227,7,4.864,5.078,0.38633,1.96193,True
water_cluster_128,511,-0.37227,8,6.03,6.497,0.41686,2.70829,True
water_cluster_128,511,-0.37227,9,7.923,9.148,0.42561,3.89367,True
water_cluster_128,511,-0.37227,10,11.17,13.762,0.4179,5.75122,True
water_cluster_128,0,-1.15903,0,21.502,inf,0.0,1.09764,False
water_cluster_128,0,-1.15903,1,9.212,11.573,0.09807,1.13498,True
water_cluster_128,0,-1.15903,2,5.778,6.366,0.16881,1.07459,True
water_cluster_128,0,-1.15903,3,4.387,4.586,0.23625,1.08341,True
water_cluster_128,0,-1.15903,4,3.598,3.704,0.29475,1.09184,True
water_cluster_128,0,-1.15903,5,3.083,3.161,0.34605,1.09389,True
water_cluster_128,0,-1.15903,6,2.737,2.779,0.39523,1.09831,True
water_cluster_128,0,-1.15903,7,2.452,2.486,0.43842,1.08973,True
water_cluster_128,0,-1.15903,8,2.313,2.337,0.47838,1.11791,True
water_cluster_128,0,-1.15903,9,2.081,2.099,0.51528,1.08171,True
water_cluster_128,0,-1.15903,10,2.066,2.081,0.54874,1.14217,True
water_cluster_128,51,-1.113,0,21.401,inf,0.0,1.08886,False
water_cluster_128,51,-1.113,1,9.231,11.611,0.09777,1.13518,True
water_cluster_128,51,-1.113,2,5.721,6.306,0.16839,1.06187,True
water_cluster_128,51,-1.113,3,4.402,4.605,0.2356,1.08489,True
water_cluster_128,51,-1.113,4,3.614,3.724,0.29391,1.09453,True
water_cluster_128,51,-1.113,5,3.098,3.179,0.34514,1.09709,True
water_cluster_128,51,-1.113,6,2.734,2.779,0.3944,1.09602,True
water_cluster_128,51,-1.113,7,2.464,2.499,0.43743,1.09302,True
water_cluster_128,51,-1.113,8,2.256,2.28,0.47758,1.08906,True
water_cluster_128,51,-1.113,9,2.092,2.11,0.51409,1.0849,True
water_cluster_128,51,-1.113,10,1.994,2.006,0.54791,1.09932,True
water_cluster_128,102,-1.10237,0,21.378,inf,0.0,1.08684,False
water_cluster_128,102,-1.10237,1,9.235,11.619,0.0977,1.13523,True
water_cluster_128,102,-1.10237,2,5.71,6.298,0.16833,1.06007,True
water_cluster_128,102,-1.10237,3,4.406,4.609,0.23544,1.08522,True
water_cluster_128,102,-1.10237,4,3.618,3.729,0.29372,1.09516,True
water_cluster_128,102,-1.10237,5,3.102,3.183,0.34493,1.09785,True
water_cluster_128,102,-1.10237,6,2.737,2.782,0.39419,1.09682,True
water_cluster_128,102,-1.10237,7,2.467,2.502,0.43722,1.0938,True
water_cluster_128,102,-1.10237,8,2.259,2.283,0.47737,1.08999,True
water_cluster_128,102,-1.10237,9,2.094,2.113,0.51386,1.08565,True
water_cluster_128,102,-1.10237,10,1.979,1.993,0.54769,1.09129,True
water_cluster_128,153,-0.63648,0,20.403,inf,0.0,1.0022,False
water_cluster_128,153,-0.63648,1,9.506,12.43,0.0917,1.13985,True
water_cluster_128,153,-0.63648,2,5.949,6.942,0.15056,1.04514,True
water_cluster_128,153,-0.63648,3,4.703,5.11,0.21345,1.09067,True
water_cluster_128,153,-0.63648,4,3.902,4.089,0.27439,1.12205,True
water_cluster_128,153,-0.63648,5,3.344,3.442,0.33081,1.13853,True
water_cluster_128,153,-0.63648,6,3.021,3.084,0.38153,1.17655,True
water_cluster_128,153,-0.63648,7,2.943,3.006,0.42694,1.28347,True
water_cluster_128,153,-0.63648,8,3.022,3.088,0.46941,1.44933,True
water_cluster_128,153,-0.63648,9,3.241,3.318,0.508,1.68572,True
water_cluster_128,153,-0.63648,10,3.619,3.743,0.53846,2.01542,True
water_cluster_128,204,-0.61274,0,20.356,inf,0.0,0.99808,False
water_cluster_128,204,-0.61274,1,9.532,12.587,0.09058,1.14022,True
water_cluster_128,204,-0.61274,2,6.016,7.094,0.14719,1.04419,True
water_cluster_128,204,-0.61274,3,4.751,5.153,0.21161,1.09049,True
water_cluster_128,204,-0.61274,4,3.934,4.111,0.27321,1.12314,True
water_cluster_128,204,-0.61274,5,3.37,3.466,0.32953,1.14205,True
water_cluster_128,204,-0.61274,6,3.075,3.139,0.38014,1.19336,True
water_cluster_128,204,-0.61274,7,3.033,3.101,0.42571,1.32003,True
water_cluster_128,204,-0.61274,8,3.158,3.239,0.46736,1.51372,True
water_cluster_128,204,-0.61274,9,3.444,3.55,0.50464,1.7917,True
water_cluster_128,204,-0.61274,10,3.919,4.049,0.53934,2.18366,True
water_cluster_128,255,-0.58195,0,20.296,inf,0.0,0.99276,False
water_cluster_128,255,-0.58195,1,9.573,12.879,0.08857,1.14071,True
water_cluster_128,255,-0.58195,2,6.125,7.284,0.14317,1.04293,True
water_cluster_128,255,-0.58195,3,4.82,5.201,0.20961,1.09026,True
water_cluster_128,255,-0.58195,4,3.98,4.142,0.27143,1.12438,True
water_cluster_128,255,-0.58195,5,3.41,3.502,0.32751,1.14695,True
water_cluster_128,255,-0.58195,6,3.157,3.224,0.37803,1.21884,True
water_cluster_128,255,-0.58195,7,3.166,3.246,0.42308,1.37338,True
water_cluster_128,255,-0.58195,8,3.361,3.461,0.46471,1.60827,True
water_cluster_128,255,-0.58195,9,3.746,3.871,0.50358,1.94916,True
water_cluster_128,255,-0.58195,10,4.374,4.578,0.53225,2.43685,True
water_cluster_128,306,-0.49415,0,20.128,inf,0.0,0.97776,False
water_cluster_128,306,-0.49415,1,9.779,15.036,0.07599,1.1426,True
water_cluster_128,306,-0.49415,2,6.533,7.652,0.13585,1.03952,True
water_cluster_128,306,-0.49415,3,5.065,5.394,0.20202,1.08967,True
water_cluster_128,306,-0.49415,4,4.152,4.292,0.26273,1.12761,True
water_cluster_128,306,-0.49415,5,3.585,3.665,0.31862,1.16775,True
water_cluster_128,306,-0.49415,6,3.478,3.557,0.3692,1.31339,True
water_cluster_128,306,-0.49415,7,3.672,3.779,0.41467,1.56698,True
water_cluster_128,306,-0.49415,8,4.14,4.394,0.4459,1.95906,True
water_cluster_128,306,-0.49415,9,4.935,5.357,0.47595,2.54988,True
water_cluster_128,306,-0.49415,10,6.233,6.694,0.51235,3.42992,True
water_cluster_128,357,-0.47851,0,20.099,inf,0.0,0.97512,False
water_cluster_128,357,-0.47851,1,9.843,15.938,0.07171,1.14299,True
water_cluster_128,357,-0.47851,2,6.619,7.721,0.13457,1.03899,True
water_cluster_128,357,-0.47851,3,5.12,5.449,0.19997,1.08961,True
water_cluster_128,357,-0.47851,4,4.192,4.33,0.26056,1.12829,True
water_cluster_128,357,-0.47851,5,3.63,3.711,0.31638,1.17401,True
water_cluster_128,357,-0.47851,6,3.551,3.628,0.36757,1.33368,True
water_cluster_128,357,-0.47851,7,3.788,3.904,0.41203,1.60868,True
water_cluster_128,357,-0.47851,8,4.317,4.526,0.44992,2.03618,True
water_cluster_128,357,-0.47851,9,5.208,5.532,0.48532,2.68487,True
water_cluster_128,357,-0.47851,10,6.7,7.21,0.50734,3.65774,True
water_cluster_128,408,-0.42212,0,19.996,inf,0.0,0.96564,False
water_cluster_128,408,-0.42212,1,10.219,25.29,0.04525,1.1443,True
water_cluster_128,408,-0.42212,2,6.975,8.133,0.12754,1.03726,True
water_cluster_128,408,-0.42212,3,5.36,5.696,0.19127,1.08954,True
water_cluster_128,408,-0.42212,4,4.367,4.502,0.25132,1.13141,True
water_cluster_128,408,-0.42212,5,3.836,3.922,0.30657,1.20234,True
water_cluster_128,408,-0.42212,6,3.87,3.969,0.35685,1.41618,True
water_cluster_128,408,-0.42212,7,4.284,4.46,0.39912,1.78,True
water_cluster_128,408,-0.42212,8,5.103,5.407,0.43614,2.35826,True
water_cluster_128,408,-0.42212,9,6.442,6.948,0.46886,3.25761,True
water_cluster_128,408,-0.42212,10,8.771,10.043,0.46188,4.6389,True
water_cluster_128,459,-0.40695,0,19.969,inf,0.0,0.96311,False
water_cluster_128,459,-0.40695,1,10.376,34.773,0.03292,1.14458,True
water_cluster_128,459,-0.40695,2,7.089,8.306,0.12483,1.03684,True
water_cluster_128,459,-0.40695,3,5.439,5.773,0.18872,1.08959,True
water_cluster_128,459,-0.40695,4,4.424,4.561,0.24829,1.13248,True
water_cluster_128,459,-0.40695,5,3.906,3.995,0.30323,1.21138,True
water_cluster_128,459,-0.40695,6,3.973,4.077,0.35346,1.44099,True
water_cluster_128,459,-0.40695,7,4.444,4.594,0.39883,1.83214,True
water_cluster_128,459,-0.40695,8,5.356,5.945,0.41342,2.4578,True
water_cluster_128,459,-0.40695,9,6.862,7.707,0.44597,3.43719,True
water_cluster_128,459,-0.40695,10,9.451,13.527,0.36598,4.95075,True
water_cluster_128,510,-0.37788,0,19.919,inf,0.0,0.95827,False
water_cluster_128,510,-0.37788,1,10.769,inf,0.0,1.14511,False
water_cluster_128,510,-0.37788,2,7.336,8.723,0.11878,1.03609,True
water_cluster_128,510,-0.37788,3,5.609,5.94,0.18346,1.08976,True
water_cluster_128,510,-0.37788,4,4.552,4.699,0.24151,1.1348,True
water_cluster_128,510,-0.37788,5,4.058,4.159,0.2958,1.23024,True
water_cluster_128,510,-0.37788,6,4.195,4.31,0.34609,1.49181,True
water_cluster_128,510,-0.37788,7,4.79,5.03,0.38565,1.9399,True
water_cluster_128,510,-0.37788,8,5.91,6.296,0.42339,2.66553,True
water_cluster_128,510,-0.37788,9,7.732,9.146,0.41713,3.8153,True
water_cluster_128,510,-0.37788,10,10.858,13.905,0.40366,5.61305,True
B12,0,-1.1601,0,21.399,inf,0.0,1.09742,False
B12,0,-1.1601,1,9.426,11.718,0.10042,1.17672,True
B12,0,-1.1601,2,5.89,7.192,0.15234,1.09568,True
B12,0,-1.1601,3,4.794,5.369,0.20892,1.12166,True
B12,0,-1.1601,4,3.938,4.072,0.27681,1.12718,True
B12,0,-1.1601,5,3.332,3.38,0.33254,1.12383,True
B12,0,-1.1601,6,3.001,3.034,0.38069,1.15494,True
B12,0,-1.1601,7,2.587,2.607,0.42577,1.1101,True
B12,0,-1.1601,8,2.553,2.57,0.46709,1.20055,True
B12,0,-1.1601,9,2.155,2.168,0.5053,1.0954,True
B12,0,-1.1601,10,2.316,2.331,0.54044,1.25973,True
B12,125,-0.57985,0,20.182,inf,0.0,0.99221,False
B12,125,-0.57985,1,9.798,19.213,0.05969,1.14692,True
B12,125,-0.57985,2,8.052,11.264,0.09992,1.12548,True
B12,125,-0.57985,3,6.561,7.574,0.15537,1.17672,True
B12,125,-0.57985,4,5.407,5.644,0.21605,1.21939,True
B12,125,-0.57985,5,4.559,4.618,0.2684,1.23957,True
B12,125,-0.57985,6,3.939,3.955,0.31588,1.24939,True
B12,125,-0.57985,7,3.819,3.835,0.3597,1.37935,True
B12,125,-0.57985,8,4.003,4.04,0.39984,1.61516,True
B12,125,-0.57985,9,4.417,4.519,0.43431,1.96273,True
B12,125,-0.57985,10,5.084,5.404,0.45633,2.46585,True
C60_4,0,-1.0821,0,21.365,inf,0.0,1.0847,False
C60_4,0,-1.0821,1,9.35,11.704,0.0981,1.14822,True
C60_4,0,-1.0821,2,5.79,6.371,0.16991,1.08255,True
C60_4,0,-1.0821,3,4.481,4.719,0.23627,1.11491,True
C60_4,0,-1.0821,4,3.665,3.786,0.29639,1.12218,True
C60_4,0,-1.0821,5,3.112,3.187,0.35098,1.11873,True
C60_4,0,-1.0821,6,2.716,2.764,0.40146,1.10973,True
C60_4,0,-1.0821,7,2.422,2.454,0.44791,1.09936,True
C60_4,0,-1.0821,8,2.197,2.221,0.49067,1.0898,True
C60_4,0,-1.0821,9,2.02,2.039,0.53005,1.08074,True
C60_4,0,-1.0821,10,1.896,1.908,0.56636,1.0808,True
C60_4,240,-0.61451,0,20.407,inf,0.0,1.0001,False
C60_4,240,-0.61451,1,10.052,21.497,0.05305,1.14051,True
C60_4,240,-0.61451,2,7.197,8.424,0.12828,1.0806,True
C60_4,240,-0.61451,3,5.706,6.127,0.18917,1.15909,True
C60_4,240,-0.61451,4,4.726,4.967,0.24325,1.20832,True
C60_4,240,-0.61451,5,4.024,4.228,0.28952,1.22422,True
C60_4,240,-0.61451,6,3.518,3.668,0.33689,1.23583,True
C60_4,240,-0.61451,7,3.108,3.171,0.38827,1.23123,True
C60_4,240,-0.61451,8,2.78,2.816,0.43447,1.22328,True
C60_4,240,-0.61451,9,2.671,2.7,0.47636,1.28603,True
C60_4,240,-0.61451,10,2.718,2.751,0.51504,1.41674,True
MAPbI3,0,-0.82331,0,7.559,8.666,0.08698,0.7538,True
MAPbI3,0,-0.82331,1,4.274,4.599,0.24672,1.13462,True
MAPbI3,0,-0.82331,2,2.555,2.6,0.39323,1.02257,True
MAPbI3,0,-0.82331,3,2.024,2.047,0.50836,1.04044,True
MAPbI3,0,-0.82331,4,1.724,1.737,0.60253,1.04678,True
MAPbI3,0,-0.82331,5,1.532,1.54,0.67869,1.04552,True
MAPbI3,0,-0.82331,6,1.401,1.406,0.74062,1.04135,True
MAPbI3,0,-0.82331,7,1.308,1.311,0.79039,1.03616,True
MAPbI3,0,-0.82331,8,1.24,1.242,0.83034,1.03094,True
MAPbI3,0,-0.82331,9,1.188,1.19,0.86246,1.02606,True
MAPbI3,0,-0.82331,10,1.149,1.15,0.88832,1.02173,True
MAPbI3,320,-0.28668,0,11.651,16.096,0.04277,0.68839,True
MAPbI3,320,-0.28668,1,6.716,7.606,0.14729,1.12035,True
MAPbI3,320,-0.28668,2,3.948,4.128,0.24956,1.03026,True
MAPbI3,320,-0.28668,3,3.015,3.069,0.34225,1.05044,True
MAPbI3,320,-0.28668,4,2.498,2.524,0.42416,1.07067,True
MAPbI3,320,-0.28668,5,2.155,2.171,0.49695,1.07912,True
MAPbI3,320,-0.28668,6,1.912,1.925,0.56162,1.08091,True
MAPbI3,320,-0.28668,7,1.733,1.743,0.62011,1.08095,True
MAPbI3,320,-0.28668,8,1.598,1.605,0.67164,1.0777,True
MAPbI3,320,-0.28668,9,1.532,1.536,0.71806,1.10268,True
MAPbI3,320,-0.28668,10,1.5,1.503,0.75865,1.14033,True
water_cluster_128,0,-1.15903,0,21.502,inf,0.0,1.09764,False
water_cluster_128,0,-1.15903,1,9.212,11.573,0.09807,1.13498,True
water_cluster_128,0,-1.15903,2,5.778,6.366,0.16881,1.07459,True
water_cluster_128,0,-1.15903,3,4.387,4.586,0.23625,1.08341,True
water_cluster_128,0,-1.15903,4,3.598,3.704,0.29475,1.09184,True
water_cluster_128,0,-1.15903,5,3.083,3.161,0.34605,1.09389,True
water_cluster_128,0,-1.15903,6,2.737,2.779,0.39523,1.09831,True
water_cluster_128,0,-1.15903,7,2.452,2.486,0.43842,1.08973,True
water_cluster_128,0,-1.15903,8,2.313,2.337,0.47838,1.11791,True
water_cluster_128,0,-1.15903,9,2.081,2.099,0.51528,1.08171,True
water_cluster_128,0,-1.15903,10,2.066,2.081,0.54874,1.14217,True
water_cluster_128,256,-0.54032,0,20.216,inf,0.0,0.98562,False
water_cluster_128,256,-0.54032,1,9.648,13.533,0.08435,1.14153,True
water_cluster_128,256,-0.54032,2,6.303,7.482,0.13917,1.04124,True
water_cluster_128,256,-0.54032,3,4.926,5.272,0.20673,1.08995,True
water_cluster_128,256,-0.54032,4,4.053,4.2,0.26808,1.12587,True
water_cluster_128,256,-0.54032,5,3.479,3.561,0.32393,1.15369,True
water_cluster_128,256,-0.54032,6,3.291,3.364,0.37443,1.25963,True
water_cluster_128,256,-0.54032,7,3.38,3.48,0.41865,1.45706,True
water_cluster_128,256,-0.54032,8,3.688,3.814,0.461,1.75838,True
water_cluster_128,256,-0.54032,9,4.242,4.392,0.50162,2.20329,True
water_cluster_128,256,-0.54032,10,5.131,5.445,0.52384,2.85232,True
