Method,System,Diag. iter. index,Diag. iter. time (s),Preconditioning time (s)
NP,$(H_2O)_{128}$,1,0.173892,
NP,$(H_2O)_{128}$,2,1.416209,0.945781
NP,$(H_2O)_{128}$,3,1.422316,0.945733
NP,$(H_2O)_{128}$,4,1.424901,0.946023
NP,$(H_2O)_{128}$,5,1.425296,0.946082
NP,$(H_2O)_{128}$,6,1.426398,0.94518
NP,$(H_2O)_{128}$,7,1.470669,0.94644
NP,$(H_2O)_{128}$,8,1.424117,0.946594
NP,$(H_2O)_{128}$,9,1.425795,0.947154
NP,$(H_2O)_{128}$,10,1.420174,0.948057
NP,$(H_2O)_{128}$,11,1.42719,0.947313
NP,$(H_2O)_{128}$,12,1.426708,0.947809
NP,$(H_2O)_{128}$,13,1.425831,0.947553
NP,$(H_2O)_{128}$,14,1.426667,0.9482
NP,$(H_2O)_{128}$,15,1.429276,0.947424
NP,$(H_2O)_{128}$,16,1.421472,0.947342
NP,$(H_2O)_{128}$,17,1.426414,0.946813
NP,$(H_2O)_{128}$,18,1.424374,0.945755
NP,$(H_2O)_{128}$,19,1.425968,0.947058
NP,$(H_2O)_{128}$,20,1.423892,0.945641
NP,$(H_2O)_{128}$,21,1.418943,0.946016
NP,$(H_2O)_{128}$,22,1.421001,0.946581
NP,$(H_2O)_{128}$,23,1.42678,0.947854
NP,$(H_2O)_{128}$,24,1.426721,0.945456
NP,$(H_2O)_{128}$,25,1.424562,0.94576
NP,$(H_2O)_{128}$,26,1.424399,0.947495
NP,$(H_2O)_{128}$,27,1.427073,0.94887
NP,$(H_2O)_{128}$,28,1.424786,0.94738
NP,$(H_2O)_{128}$,29,1.424917,0.947236
NP,$(H_2O)_{128}$,30,1.420083,0.946484
NP,$(H_2O)_{128}$,31,1.423517,0.948518
NP,$(H_2O)_{128}$,32,1.426279,0.947907
NP,$(H_2O)_{128}$,33,1.421441,0.945792
NP,$(H_2O)_{128}$,34,1.428224,0.94736
NP,$(H_2O)_{128}$,35,1.425596,0.949099
NP,$(H_2O)_{128}$,36,1.426143,0.948467
NP,$(H_2O)_{128}$,37,1.425473,0.946789
NP,$(H_2O)_{128}$,38,1.422653,0.947321
NP,$(H_2O)_{128}$,39,1.421087,0.946965
NP,$(H_2O)_{128}$,40,1.427009,0.949657
NP,$(H_2O)_{128}$,41,1.424656,0.94679
NP,$(H_2O)_{128}$,42,1.424297,0.947188
NP,$(H_2O)_{128}$,43,1.424337,0.948203
NP,$(H_2O)_{128}$,44,1.426666,0.948819
NP,$(H_2O)_{128}$,45,1.42504,0.947581
NP,$(H_2O)_{128}$,46,1.424744,0.948202
NP,$(H_2O)_{128}$,47,1.427041,0.949511
NP,$(H_2O)_{128}$,48,1.426898,0.948764
NP,$(H_2O)_{128}$,49,1.425727,0.946781
NP,$(H_2O)_{128}$,50,1.430534,0.948114
NP,$(H_2O)_{128}$,51,1.42863,0.94784
NP,$(H_2O)_{128}$,52,1.425366,0.948173
NP,$(H_2O)_{128}$,53,1.425765,0.947764
NP,$(H_2O)_{128}$,54,1.427283,0.947971
NP,$(H_2O)_{128}$,55,1.421185,0.947298
NP,$(H_2O)_{128}$,56,1.42612,0.948259
NP,$(H_2O)_{128}$,57,1.428342,0.948141
NP,$(H_2O)_{128}$,58,1.425081,0.94773
NP,$(H_2O)_{128}$,59,1.42616,0.948048
NP,$(H_2O)_{128}$,60,1.424978,0.948419
NP,$(H_2O)_{128}$,61,1.424617,0.946819
NP,$(H_2O)_{128}$,62,1.425132,0.948971
NP,$(H_2O)_{128}$,63,1.424538,0.948256
NP,$(H_2O)_{128}$,64,1.422693,0.947979
NP,$(H_2O)_{128}$,65,1.425942,0.94782
NP,$(H_2O)_{128}$,66,1.425189,0.946908
NP,$(H_2O)_{128}$,67,1.425932,0.947965
NP,$(H_2O)_{128}$,68,1.424821,0.949531
NP,$(H_2O)_{128}$,69,1.423611,0.948189
NP,$(H_2O)_{128}$,70,1.428031,0.948961
NP,$(H_2O)_{128}$,71,1.425877,0.947716
NP,$(H_2O)_{128}$,72,1.424946,0.947753
NP,$(H_2O)_{128}$,73,1.429464,0.949264
NP,$(H_2O)_{128}$,74,1.425484,0.946537
NP,$(H_2O)_{128}$,75,1.42851,0.948468
NP,$(H_2O)_{128}$,76,1.426752,0.947705
NP,$(H_2O)_{128}$,77,1.424353,0.948894
NP,$(H_2O)_{128}$,78,1.431064,0.951013
NP,$(H_2O)_{128}$,79,1.426212,0.949121
NP,$(H_2O)_{128}$,80,1.426883,0.948616
NP,$(H_2O)_{128}$,81,1.426953,0.94766
NP,$(H_2O)_{128}$,82,1.423777,0.94757
NP,$(H_2O)_{128}$,83,1.424861,0.948646
NP,$(H_2O)_{128}$,84,1.424714,0.948368
NP,$(H_2O)_{128}$,85,1.425327,0.947897
NP,$(H_2O)_{128}$,86,1.428214,0.948169
NP,$(H_2O)_{128}$,87,1.426848,0.948425
NP,$(H_2O)_{128}$,88,1.425261,0.947523
NP,$(H_2O)_{128}$,89,1.424859,0.947026
NP,$(H_2O)_{128}$,90,1.424951,0.949176
NP,$(H_2O)_{128}$,91,1.429504,0.949522
NP,$(H_2O)_{128}$,92,1.425766,0.947299
NP,$(H_2O)_{128}$,93,1.421887,0.946602
NP,$(H_2O)_{128}$,94,1.42847,0.950183
NP,$(H_2O)_{128}$,95,1.429146,0.948235
NP,$(H_2O)_{128}$,96,1.426165,0.947571
NP,$(H_2O)_{128}$,97,1.428177,0.949729
NP,$(H_2O)_{128}$,98,1.423137,0.946449
NP,$(H_2O)_{128}$,99,1.426193,0.948258
NP,$(H_2O)_{128}$,100,1.420756,0.945904
NP,$(H_2O)_{128}$,101,1.424989,0.948582
NP,$(H_2O)_{128}$,102,1.426998,0.948058
NP,$(H_2O)_{128}$,103,1.424896,0.948031
NP,$(H_2O)_{128}$,104,1.421159,0.947902
NP,$(H_2O)_{128}$,105,1.426615,0.948591
NP,$(H_2O)_{128}$,106,1.427391,0.947382
NP,$(H_2O)_{128}$,107,1.426674,0.947596
NP,$(H_2O)_{128}$,108,1.423665,0.947803
NP,$(H_2O)_{128}$,109,1.421867,0.949019
NP,$(H_2O)_{128}$,110,1.426804,0.947145
NP,$(H_2O)_{128}$,111,1.427005,0.949671
NP,$(H_2O)_{128}$,112,1.4273,0.948011
NP,$(H_2O)_{128}$,113,1.421354,0.946743
NP,$(H_2O)_{128}$,114,1.425834,0.94593
NP,$(H_2O)_{128}$,115,1.423307,0.948742
NP,$(H_2O)_{128}$,116,1.424321,0.946807
NP,$(H_2O)_{128}$,117,1.4252,0.947659
NP,$(H_2O)_{128}$,118,1.426051,0.947811
NP,$(H_2O)_{128}$,119,1.426294,0.947677
NP,$(H_2O)_{128}$,120,1.425091,0.94821
NP,$(H_2O)_{128}$,121,1.426646,0.947532
NP,$(H_2O)_{128}$,122,1.429765,0.947444
NP,$(H_2O)_{128}$,123,1.426166,0.94821
NP,$(H_2O)_{128}$,124,1.426856,0.948471
NP,$(H_2O)_{128}$,125,1.425287,0.947432
NP,$(H_2O)_{128}$,126,1.422839,0.949291
NP,$(H_2O)_{128}$,127,1.426504,0.947881
NP,$(H_2O)_{128}$,128,1.42737,0.947485
NP,$(H_2O)_{128}$,129,1.424578,0.947478
NP,$(H_2O)_{128}$,130,1.425698,0.949405
NP,$(H_2O)_{128}$,131,1.42434,0.947153
NP,$(H_2O)_{128}$,132,1.427705,0.947737
NP,$(H_2O)_{128}$,133,1.421473,0.947226
NP,$(H_2O)_{128}$,134,1.423028,0.947037
NP,$(H_2O)_{128}$,135,1.428491,0.947524
NP,$(H_2O)_{128}$,136,1.425988,0.947342
NP,$(H_2O)_{128}$,137,1.419707,0.944869
NP,$(H_2O)_{128}$,138,1.425725,0.947163
NP,$(H_2O)_{128}$,139,1.425322,0.947401
NP,$(H_2O)_{128}$,140,1.425479,0.94802
NP,$(H_2O)_{128}$,141,1.425026,0.946694
NP,$(H_2O)_{128}$,142,1.421425,0.945328
NP,$(H_2O)_{128}$,143,1.421088,0.94732
NP,$(H_2O)_{128}$,144,1.425256,0.949029
NP,$(H_2O)_{128}$,145,1.426352,0.947849
NP,$(H_2O)_{128}$,146,1.422154,0.946533
NP,$(H_2O)_{128}$,147,1.4245,0.947443
NP,$(H_2O)_{128}$,148,1.425154,0.947423
NP,$(H_2O)_{128}$,149,1.423191,0.946864
NP,$(H_2O)_{128}$,150,1.424203,0.94566
NP,$(H_2O)_{128}$,151,1.428115,0.948169
NP,$(H_2O)_{128}$,152,1.428626,0.949278
NP,$(H_2O)_{128}$,153,1.426211,0.947083
NP,$(H_2O)_{128}$,154,1.422611,0.946365
NP,$(H_2O)_{128}$,155,1.426318,0.947347
NP,$(H_2O)_{128}$,156,1.425377,0.947562
NP,$(H_2O)_{128}$,157,1.426443,0.948026
NP,$(H_2O)_{128}$,158,1.42447,0.945604
NP,$(H_2O)_{128}$,159,1.417657,0.947688
NP,$(H_2O)_{128}$,160,1.431268,0.949989
NP,$(H_2O)_{128}$,161,1.425339,0.946746
NP,$(H_2O)_{128}$,162,1.424517,0.947423
NP,$(H_2O)_{128}$,163,1.424294,0.946544
NP,$(H_2O)_{128}$,164,1.425874,0.948784
NP,$(H_2O)_{128}$,165,1.422609,0.945677
NP,$(H_2O)_{128}$,166,1.42309,0.944594
NP,$(H_2O)_{128}$,167,1.424373,0.947472
NP,$(H_2O)_{128}$,168,1.422366,0.945901
NP,$(H_2O)_{128}$,169,1.423495,0.947898
NP,$(H_2O)_{128}$,170,1.422865,0.945637
NP,$(H_2O)_{128}$,171,1.42719,0.947966
NP,$(H_2O)_{128}$,172,1.425094,0.948251
NP,$(H_2O)_{128}$,173,0.101234,
Damped NP,$(H_2O)_{128}$,1,0.17278,
Damped NP,$(H_2O)_{128}$,2,1.4563,0.988017
Damped NP,$(H_2O)_{128}$,3,1.461791,0.986865
Damped NP,$(H_2O)_{128}$,4,1.463705,0.988797
Damped NP,$(H_2O)_{128}$,5,1.461797,0.988456
Damped NP,$(H_2O)_{128}$,6,1.460333,0.989995
Damped NP,$(H_2O)_{128}$,7,1.461856,0.988281
Damped NP,$(H_2O)_{128}$,8,1.460052,0.989622
Damped NP,$(H_2O)_{128}$,9,1.465219,0.985324
Damped NP,$(H_2O)_{128}$,10,1.463434,0.988994
Damped NP,$(H_2O)_{128}$,11,1.462403,0.986826
Damped NP,$(H_2O)_{128}$,12,1.46412,0.988078
Damped NP,$(H_2O)_{128}$,13,1.464181,0.988667
Damped NP,$(H_2O)_{128}$,14,1.465053,0.986958
Damped NP,$(H_2O)_{128}$,15,1.462505,0.988678
Damped NP,$(H_2O)_{128}$,16,1.459688,0.986117
Damped NP,$(H_2O)_{128}$,17,1.461997,0.986492
Damped NP,$(H_2O)_{128}$,18,1.464282,0.989224
Damped NP,$(H_2O)_{128}$,19,1.45916,0.988553
Damped NP,$(H_2O)_{128}$,20,0.098064,
ISI,$(H_2O)_{128}$,1,0.171448,
ISI,$(H_2O)_{128}$,2,1.567782,1.096448
ISI,$(H_2O)_{128}$,3,1.561434,1.088227
ISI,$(H_2O)_{128}$,4,1.571818,1.091506
ISI,$(H_2O)_{128}$,5,1.574896,1.091438
ISI,$(H_2O)_{128}$,6,1.572054,1.09282
ISI,$(H_2O)_{128}$,7,1.624635,1.149476
ISI,$(H_2O)_{128}$,8,1.62895,1.148507
ISI,$(H_2O)_{128}$,9,1.547664,1.064636
ISI,$(H_2O)_{128}$,10,1.64336,1.166873
ISI,$(H_2O)_{128}$,11,1.673502,1.19058
ISI,$(H_2O)_{128}$,12,1.666258,1.18689
ISI,$(H_2O)_{128}$,13,1.673646,1.190826
ISI,$(H_2O)_{128}$,14,1.688075,1.203606
ISI,$(H_2O)_{128}$,15,1.681605,1.203403
ISI,$(H_2O)_{128}$,16,1.689047,1.207597
ISI,$(H_2O)_{128}$,17,1.688499,1.206134
ISI,$(H_2O)_{128}$,18,1.688141,1.204278
ISI,$(H_2O)_{128}$,19,1.624317,1.148479
ISI,$(H_2O)_{128}$,20,1.690364,1.209338
ISI,$(H_2O)_{128}$,21,1.634164,1.152621
ISI,$(H_2O)_{128}$,22,1.691303,1.210694
ISI,$(H_2O)_{128}$,23,1.687728,1.208681
ISI,$(H_2O)_{128}$,24,1.62962,1.150311
ISI,$(H_2O)_{128}$,25,1.631046,1.151626
ISI,$(H_2O)_{128}$,26,1.689807,1.208059
ISI,$(H_2O)_{128}$,27,1.632407,1.152029
ISI,$(H_2O)_{128}$,28,1.685782,1.205471
ISI,$(H_2O)_{128}$,29,1.632231,1.150506
ISI,$(H_2O)_{128}$,30,1.637049,1.154187
ISI,$(H_2O)_{128}$,31,1.623507,1.144194
ISI,$(H_2O)_{128}$,32,1.637167,1.153814
ISI,$(H_2O)_{128}$,33,0.107126,
NP,$C_{60}$ tetramer,1,0.119442,
NP,$C_{60}$ tetramer,2,1.008621,0.725335
NP,$C_{60}$ tetramer,3,1.016840,0.726347
NP,$C_{60}$ tetramer,4,1.019978,0.726768
NP,$C_{60}$ tetramer,5,1.017381,0.726631
NP,$C_{60}$ tetramer,6,1.009946,0.726218
NP,$C_{60}$ tetramer,7,1.019748,0.729386
NP,$C_{60}$ tetramer,8,1.058207,0.768216
NP,$C_{60}$ tetramer,9,1.011110,0.726462
NP,$C_{60}$ tetramer,10,1.013441,0.723844
NP,$C_{60}$ tetramer,11,1.009040,0.723607
NP,$C_{60}$ tetramer,12,1.009068,0.721831
NP,$C_{60}$ tetramer,13,1.011874,0.723848
NP,$C_{60}$ tetramer,14,1.012999,0.724734
NP,$C_{60}$ tetramer,15,1.012206,0.723912
NP,$C_{60}$ tetramer,16,1.012381,0.723289
NP,$C_{60}$ tetramer,17,1.011914,0.723511
NP,$C_{60}$ tetramer,18,1.009059,0.723350
NP,$C_{60}$ tetramer,19,1.012373,0.722975
NP,$C_{60}$ tetramer,20,1.008454,0.724237
NP,$C_{60}$ tetramer,21,1.012716,0.724304
NP,$C_{60}$ tetramer,22,1.008129,0.723430
NP,$C_{60}$ tetramer,23,1.011774,0.723787
NP,$C_{60}$ tetramer,24,1.012314,0.725745
NP,$C_{60}$ tetramer,25,1.011703,0.722481
NP,$C_{60}$ tetramer,26,1.008846,0.722396
NP,$C_{60}$ tetramer,27,1.010083,0.723490
NP,$C_{60}$ tetramer,28,1.009438,0.722525
NP,$C_{60}$ tetramer,29,1.012783,0.722655
NP,$C_{60}$ tetramer,30,1.011932,0.724082
NP,$C_{60}$ tetramer,31,1.009574,0.723497
NP,$C_{60}$ tetramer,32,1.012433,0.724427
NP,$C_{60}$ tetramer,33,1.010275,0.723456
NP,$C_{60}$ tetramer,34,1.008415,0.723517
NP,$C_{60}$ tetramer,35,1.011190,0.723094
NP,$C_{60}$ tetramer,36,1.005087,0.723234
NP,$C_{60}$ tetramer,37,1.012943,0.723455
NP,$C_{60}$ tetramer,38,1.011165,0.723145
NP,$C_{60}$ tetramer,39,1.015839,0.725027
NP,$C_{60}$ tetramer,40,1.012748,0.722532
NP,$C_{60}$ tetramer,41,1.011683,0.725156
NP,$C_{60}$ tetramer,42,1.014218,0.727288
NP,$C_{60}$ tetramer,43,1.006634,0.722398
NP,$C_{60}$ tetramer,44,1.010415,0.723158
NP,$C_{60}$ tetramer,45,1.004996,0.723838
NP,$C_{60}$ tetramer,46,1.012962,0.724900
NP,$C_{60}$ tetramer,47,1.012442,0.723434
NP,$C_{60}$ tetramer,48,1.010099,0.722881
NP,$C_{60}$ tetramer,49,1.014612,0.724186
NP,$C_{60}$ tetramer,50,1.010817,0.723302
NP,$C_{60}$ tetramer,51,1.011671,0.723272
NP,$C_{60}$ tetramer,52,1.012702,0.724176
NP,$C_{60}$ tetramer,53,1.012396,0.724371
NP,$C_{60}$ tetramer,54,1.013130,0.727672
NP,$C_{60}$ tetramer,55,1.016862,0.724778
NP,$C_{60}$ tetramer,56,1.010244,0.721829
NP,$C_{60}$ tetramer,57,1.013098,0.722966
NP,$C_{60}$ tetramer,58,1.005773,0.722604
NP,$C_{60}$ tetramer,59,1.014082,0.724541
NP,$C_{60}$ tetramer,60,1.015120,0.724862
NP,$C_{60}$ tetramer,61,1.011486,0.724205
NP,$C_{60}$ tetramer,62,1.013699,0.723094
NP,$C_{60}$ tetramer,63,1.013773,0.724303
NP,$C_{60}$ tetramer,64,1.010638,0.721952
NP,$C_{60}$ tetramer,65,1.014322,0.724732
NP,$C_{60}$ tetramer,66,1.015221,0.725042
NP,$C_{60}$ tetramer,67,1.010847,0.724112
NP,$C_{60}$ tetramer,68,1.015960,0.724426
NP,$C_{60}$ tetramer,69,1.013930,0.725160
NP,$C_{60}$ tetramer,70,1.010965,0.723606
NP,$C_{60}$ tetramer,71,1.011411,0.723793
NP,$C_{60}$ tetramer,72,1.013938,0.724880
NP,$C_{60}$ tetramer,73,1.012291,0.721958
NP,$C_{60}$ tetramer,74,1.015224,0.725575
NP,$C_{60}$ tetramer,75,1.007695,0.725683
NP,$C_{60}$ tetramer,76,1.013652,0.724127
NP,$C_{60}$ tetramer,77,1.013855,0.723832
NP,$C_{60}$ tetramer,78,1.011207,0.724187
NP,$C_{60}$ tetramer,79,1.015558,0.725163
NP,$C_{60}$ tetramer,80,0.064496,
Damped NP,$C_{60}$ tetramer,1,0.120459,
Damped NP,$C_{60}$ tetramer,2,1.062993,0.779677
Damped NP,$C_{60}$ tetramer,3,1.065785,0.784060
Damped NP,$C_{60}$ tetramer,4,1.062847,0.782592
Damped NP,$C_{60}$ tetramer,5,1.066409,0.783353
Damped NP,$C_{60}$ tetramer,6,1.068896,0.781817
Damped NP,$C_{60}$ tetramer,7,1.069213,0.785255
Damped NP,$C_{60}$ tetramer,8,1.067956,0.782147
Damped NP,$C_{60}$ tetramer,9,1.071423,0.784029
Damped NP,$C_{60}$ tetramer,10,1.070844,0.784043
Damped NP,$C_{60}$ tetramer,11,1.070668,0.784962
Damped NP,$C_{60}$ tetramer,12,1.086610,0.800817
Damped NP,$C_{60}$ tetramer,13,1.067067,0.784947
Damped NP,$C_{60}$ tetramer,14,1.068369,0.782510
Damped NP,$C_{60}$ tetramer,15,1.068898,0.782565
Damped NP,$C_{60}$ tetramer,16,1.067510,0.781661
Damped NP,$C_{60}$ tetramer,17,1.063454,0.781465
Damped NP,$C_{60}$ tetramer,18,0.062457,
ISI,$C_{60}$ tetramer,1,0.121723,
ISI,$C_{60}$ tetramer,2,1.139465,0.848347
ISI,$C_{60}$ tetramer,3,1.136002,0.846912
ISI,$C_{60}$ tetramer,4,1.135792,0.848314
ISI,$C_{60}$ tetramer,5,1.173645,0.886819
ISI,$C_{60}$ tetramer,6,1.170209,0.878481
ISI,$C_{60}$ tetramer,7,1.182037,0.891576
ISI,$C_{60}$ tetramer,8,1.099708,0.806431
ISI,$C_{60}$ tetramer,9,1.246447,0.910292
ISI,$C_{60}$ tetramer,10,1.178968,0.887027
ISI,$C_{60}$ tetramer,11,1.202437,0.912860
ISI,$C_{60}$ tetramer,12,1.221543,0.927439
ISI,$C_{60}$ tetramer,13,1.218132,0.928857
ISI,$C_{60}$ tetramer,14,1.211688,0.920183
ISI,$C_{60}$ tetramer,15,1.215443,0.923127
ISI,$C_{60}$ tetramer,16,1.210962,0.921756
ISI,$C_{60}$ tetramer,17,1.216480,0.927371
ISI,$C_{60}$ tetramer,18,1.214176,0.923449
ISI,$C_{60}$ tetramer,19,1.217393,0.926081
ISI,$C_{60}$ tetramer,20,1.218462,0.926653
ISI,$C_{60}$ tetramer,21,1.211315,0.919960
ISI,$C_{60}$ tetramer,22,1.212609,0.924859
ISI,$C_{60}$ tetramer,23,1.210883,0.921089
ISI,$C_{60}$ tetramer,24,1.212407,0.921554
ISI,$C_{60}$ tetramer,25,1.216759,0.930253
ISI,$C_{60}$ tetramer,26,1.224559,0.930302
ISI,$C_{60}$ tetramer,27,1.222002,0.931210
ISI,$C_{60}$ tetramer,28,1.222772,0.932668
ISI,$C_{60}$ tetramer,29,1.220458,0.930164
ISI,$C_{60}$ tetramer,30,1.227856,0.937436
ISI,$C_{60}$ tetramer,31,0.067058,
NP,$MAPbI_3$,1,0.208303,
NP,$MAPbI_3$,2,1.680187,1.182994
NP,$MAPbI_3$,3,1.686817,1.185809
NP,$MAPbI_3$,4,1.692631,1.185424
NP,$MAPbI_3$,5,1.694662,1.188283
NP,$MAPbI_3$,6,1.681705,1.184154
NP,$MAPbI_3$,7,1.688109,1.184230
NP,$MAPbI_3$,8,1.688375,1.185733
NP,$MAPbI_3$,9,1.689126,1.185367
NP,$MAPbI_3$,10,1.692259,1.187573
NP,$MAPbI_3$,11,1.684854,1.183522
NP,$MAPbI_3$,12,1.698267,1.187837
NP,$MAPbI_3$,13,1.691408,1.185636
NP,$MAPbI_3$,14,1.691401,1.186905
NP,$MAPbI_3$,15,1.692704,1.188221
NP,$MAPbI_3$,16,0.097578,
Damped NP,$MAPbI_3$,1,0.206635,
Damped NP,$MAPbI_3$,2,1.740480,1.247282
Damped NP,$MAPbI_3$,3,1.743559,1.246233
Damped NP,$MAPbI_3$,4,1.747407,1.245430
Damped NP,$MAPbI_3$,5,1.740349,1.243223
Damped NP,$MAPbI_3$,6,1.749285,1.248485
Damped NP,$MAPbI_3$,7,1.749997,1.245811
Damped NP,$MAPbI_3$,8,1.741858,1.244195
Damped NP,$MAPbI_3$,9,1.748184,1.247141
Damped NP,$MAPbI_3$,10,1.749398,1.247823
Damped NP,$MAPbI_3$,11,1.747936,1.249218
Damped NP,$MAPbI_3$,12,1.750468,1.246841
Damped NP,$MAPbI_3$,13,1.746654,1.248132
Damped NP,$MAPbI_3$,14,1.749004,1.246180
Damped NP,$MAPbI_3$,15,1.744668,1.248065
Damped NP,$MAPbI_3$,16,1.744743,1.245873
Damped NP,$MAPbI_3$,17,0.093328,
ISI,$MAPbI_3$,1,0.210926,
ISI,$MAPbI_3$,2,2.141413,1.528882
ISI,$MAPbI_3$,3,1.827871,1.350709
ISI,$MAPbI_3$,4,2.065045,1.450655
ISI,$MAPbI_3$,5,2.046991,1.461834
ISI,$MAPbI_3$,6,2.112831,1.482781
ISI,$MAPbI_3$,7,2.023328,1.438578
ISI,$MAPbI_3$,8,2.006814,1.423400
ISI,$MAPbI_3$,9,1.643899,1.167544
ISI,$MAPbI_3$,10,1.513158,1.003286
ISI,$MAPbI_3$,11,1.763047,1.153311
ISI,$MAPbI_3$,12,1.705153,1.122865
ISI,$MAPbI_3$,13,1.762435,1.179961
ISI,$MAPbI_3$,14,1.743293,1.162777
ISI,$MAPbI_3$,15,1.723022,1.143364
ISI,$MAPbI_3$,16,0.071751,
NP,Vitamin $B_{12}$,1,0.083218,
NP,Vitamin $B_{12}$,2,0.874800,0.656328
NP,Vitamin $B_{12}$,3,0.880087,0.657106
NP,Vitamin $B_{12}$,4,0.879800,0.656723
NP,Vitamin $B_{12}$,5,0.880827,0.657383
NP,Vitamin $B_{12}$,6,0.874870,0.656105
NP,Vitamin $B_{12}$,7,0.878411,0.656965
NP,Vitamin $B_{12}$,8,0.878482,0.657018
NP,Vitamin $B_{12}$,9,0.880248,0.658375
NP,Vitamin $B_{12}$,10,0.878768,0.657790
NP,Vitamin $B_{12}$,11,0.878168,0.657053
NP,Vitamin $B_{12}$,12,0.880304,0.657571
NP,Vitamin $B_{12}$,13,0.877808,0.657829
NP,Vitamin $B_{12}$,14,0.877629,0.658070
NP,Vitamin $B_{12}$,15,0.878129,0.658022
NP,Vitamin $B_{12}$,16,0.878655,0.657369
NP,Vitamin $B_{12}$,17,0.876796,0.657889
NP,Vitamin $B_{12}$,18,0.880768,0.657523
NP,Vitamin $B_{12}$,19,0.879463,0.657357
NP,Vitamin $B_{12}$,20,0.880428,0.657243
NP,Vitamin $B_{12}$,21,0.880236,0.657139
NP,Vitamin $B_{12}$,22,0.879743,0.657399
NP,Vitamin $B_{12}$,23,0.880753,0.658085
NP,Vitamin $B_{12}$,24,0.876913,0.657096
NP,Vitamin $B_{12}$,25,0.905349,0.683829
NP,Vitamin $B_{12}$,26,0.879309,0.658444
NP,Vitamin $B_{12}$,27,0.877285,0.657992
NP,Vitamin $B_{12}$,28,0.879741,0.657725
NP,Vitamin $B_{12}$,29,0.881191,0.657868
NP,Vitamin $B_{12}$,30,0.879012,0.656655
NP,Vitamin $B_{12}$,31,0.880141,0.657415
NP,Vitamin $B_{12}$,32,0.880720,0.657765
NP,Vitamin $B_{12}$,33,0.880881,0.658139
NP,Vitamin $B_{12}$,34,0.881102,0.662685
NP,Vitamin $B_{12}$,35,0.879083,0.657870
NP,Vitamin $B_{12}$,36,0.879236,0.657898
NP,Vitamin $B_{12}$,37,0.879881,0.658481
NP,Vitamin $B_{12}$,38,0.879861,0.657863
NP,Vitamin $B_{12}$,39,0.879961,0.657331
NP,Vitamin $B_{12}$,40,0.879702,0.657447
NP,Vitamin $B_{12}$,41,0.875997,0.656830
NP,Vitamin $B_{12}$,42,0.878590,0.657032
NP,Vitamin $B_{12}$,43,0.883487,0.658401
NP,Vitamin $B_{12}$,44,0.881148,0.657962
NP,Vitamin $B_{12}$,45,0.880904,0.657512
NP,Vitamin $B_{12}$,46,0.880757,0.658184
NP,Vitamin $B_{12}$,47,0.879678,0.657552
NP,Vitamin $B_{12}$,48,0.880121,0.657934
NP,Vitamin $B_{12}$,49,0.880227,0.657871
NP,Vitamin $B_{12}$,50,0.881362,0.658464
NP,Vitamin $B_{12}$,51,0.879741,0.658729
NP,Vitamin $B_{12}$,52,0.879554,0.658158
NP,Vitamin $B_{12}$,53,0.879544,0.658074
NP,Vitamin $B_{12}$,54,0.880213,0.657675
NP,Vitamin $B_{12}$,55,0.877739,0.657907
NP,Vitamin $B_{12}$,56,0.880893,0.657909
NP,Vitamin $B_{12}$,57,0.879913,0.658232
NP,Vitamin $B_{12}$,58,0.881005,0.658810
NP,Vitamin $B_{12}$,59,0.882916,0.662333
NP,Vitamin $B_{12}$,60,0.878128,0.657562
NP,Vitamin $B_{12}$,61,0.879664,0.658087
NP,Vitamin $B_{12}$,62,0.879063,0.659278
NP,Vitamin $B_{12}$,63,0.880695,0.658148
NP,Vitamin $B_{12}$,64,0.879640,0.657349
NP,Vitamin $B_{12}$,65,0.880104,0.658219
NP,Vitamin $B_{12}$,66,0.880209,0.658121
NP,Vitamin $B_{12}$,67,0.879660,0.657735
NP,Vitamin $B_{12}$,68,0.881019,0.658304
NP,Vitamin $B_{12}$,69,0.878154,0.658617
NP,Vitamin $B_{12}$,70,0.880660,0.658195
NP,Vitamin $B_{12}$,71,0.880178,0.657571
NP,Vitamin $B_{12}$,72,0.879577,0.657109
NP,Vitamin $B_{12}$,73,0.880357,0.657749
NP,Vitamin $B_{12}$,74,0.879281,0.657019
NP,Vitamin $B_{12}$,75,0.883382,0.657701
NP,Vitamin $B_{12}$,76,0.878077,0.657022
NP,Vitamin $B_{12}$,77,0.881248,0.658226
NP,Vitamin $B_{12}$,78,0.879112,0.657433
NP,Vitamin $B_{12}$,79,0.879115,0.657424
NP,Vitamin $B_{12}$,80,0.880631,0.658251
NP,Vitamin $B_{12}$,81,0.880772,0.658989
NP,Vitamin $B_{12}$,82,0.880163,0.658439
NP,Vitamin $B_{12}$,83,0.880615,0.659032
NP,Vitamin $B_{12}$,84,0.881032,0.661006
NP,Vitamin $B_{12}$,85,0.879660,0.658652
NP,Vitamin $B_{12}$,86,0.879070,0.657745
NP,Vitamin $B_{12}$,87,0.880210,0.658900
NP,Vitamin $B_{12}$,88,0.878985,0.657640
NP,Vitamin $B_{12}$,89,0.880472,0.658243
NP,Vitamin $B_{12}$,90,0.877981,0.658504
NP,Vitamin $B_{12}$,91,0.880683,0.658681
NP,Vitamin $B_{12}$,92,0.880979,0.658577
NP,Vitamin $B_{12}$,93,0.880142,0.658480
NP,Vitamin $B_{12}$,94,0.879990,0.659113
NP,Vitamin $B_{12}$,95,0.879986,0.658672
NP,Vitamin $B_{12}$,96,0.880247,0.658740
NP,Vitamin $B_{12}$,97,0.880247,0.658950
NP,Vitamin $B_{12}$,98,0.879919,0.658347
NP,Vitamin $B_{12}$,99,0.879526,0.658157
NP,Vitamin $B_{12}$,100,0.881667,0.658518
NP,Vitamin $B_{12}$,101,0.879879,0.659672
NP,Vitamin $B_{12}$,102,0.878711,0.658397
NP,Vitamin $B_{12}$,103,0.880828,0.659138
NP,Vitamin $B_{12}$,104,0.879577,0.658654
NP,Vitamin $B_{12}$,105,0.880444,0.658834
NP,Vitamin $B_{12}$,106,0.880255,0.658864
NP,Vitamin $B_{12}$,107,0.879735,0.658457
NP,Vitamin $B_{12}$,108,0.884577,0.658643
NP,Vitamin $B_{12}$,109,0.879942,0.658867
NP,Vitamin $B_{12}$,110,0.879786,0.658084
NP,Vitamin $B_{12}$,111,0.879763,0.658505
NP,Vitamin $B_{12}$,112,0.881829,0.659066
NP,Vitamin $B_{12}$,113,0.884351,0.659804
NP,Vitamin $B_{12}$,114,0.879531,0.658814
NP,Vitamin $B_{12}$,115,0.883011,0.658735
NP,Vitamin $B_{12}$,116,0.883077,0.659534
NP,Vitamin $B_{12}$,117,0.882813,0.661535
NP,Vitamin $B_{12}$,118,0.880963,0.660046
NP,Vitamin $B_{12}$,119,0.880397,0.659379
NP,Vitamin $B_{12}$,120,0.879860,0.658711
NP,Vitamin $B_{12}$,121,0.879120,0.657676
NP,Vitamin $B_{12}$,122,0.879940,0.658201
NP,Vitamin $B_{12}$,123,0.880500,0.658822
NP,Vitamin $B_{12}$,124,0.879721,0.658812
NP,Vitamin $B_{12}$,125,0.882125,0.658377
NP,Vitamin $B_{12}$,126,0.879117,0.658599
NP,Vitamin $B_{12}$,127,0.879070,0.658814
NP,Vitamin $B_{12}$,128,0.879861,0.658031
NP,Vitamin $B_{12}$,129,0.879847,0.659014
NP,Vitamin $B_{12}$,130,0.880031,0.657988
NP,Vitamin $B_{12}$,131,0.883760,0.658745
NP,Vitamin $B_{12}$,132,0.879799,0.658762
NP,Vitamin $B_{12}$,133,0.877458,0.658136
NP,Vitamin $B_{12}$,134,0.879491,0.658179
NP,Vitamin $B_{12}$,135,0.879493,0.658860
NP,Vitamin $B_{12}$,136,0.879271,0.657748
NP,Vitamin $B_{12}$,137,0.879875,0.658282
NP,Vitamin $B_{12}$,138,0.878968,0.657628
NP,Vitamin $B_{12}$,139,0.880533,0.657628
NP,Vitamin $B_{12}$,140,0.890818,0.658333
NP,Vitamin $B_{12}$,141,0.880211,0.657389
NP,Vitamin $B_{12}$,142,0.879899,0.657346
NP,Vitamin $B_{12}$,143,0.880612,0.657968
NP,Vitamin $B_{12}$,144,0.884740,0.658560
NP,Vitamin $B_{12}$,145,0.880207,0.659428
NP,Vitamin $B_{12}$,146,0.881927,0.658947
NP,Vitamin $B_{12}$,147,0.880887,0.658495
NP,Vitamin $B_{12}$,148,0.880008,0.658028
NP,Vitamin $B_{12}$,149,0.880929,0.658519
NP,Vitamin $B_{12}$,150,0.880214,0.659160
NP,Vitamin $B_{12}$,151,0.880542,0.659588
NP,Vitamin $B_{12}$,152,0.879809,0.657825
NP,Vitamin $B_{12}$,153,0.880373,0.658858
NP,Vitamin $B_{12}$,154,0.880414,0.658830
NP,Vitamin $B_{12}$,155,0.879431,0.659250
NP,Vitamin $B_{12}$,156,0.879917,0.658588
NP,Vitamin $B_{12}$,157,0.879281,0.658199
NP,Vitamin $B_{12}$,158,0.879593,0.657520
NP,Vitamin $B_{12}$,159,0.878810,0.658543
NP,Vitamin $B_{12}$,160,0.880916,0.658579
NP,Vitamin $B_{12}$,161,0.881222,0.659094
NP,Vitamin $B_{12}$,162,0.880062,0.658557
NP,Vitamin $B_{12}$,163,0.880652,0.659813
NP,Vitamin $B_{12}$,164,0.879659,0.658731
NP,Vitamin $B_{12}$,165,0.879711,0.658582
NP,Vitamin $B_{12}$,166,0.880103,0.658765
NP,Vitamin $B_{12}$,167,0.880612,0.657693
NP,Vitamin $B_{12}$,168,0.878979,0.657923
NP,Vitamin $B_{12}$,169,0.880216,0.658870
NP,Vitamin $B_{12}$,170,0.880512,0.658757
NP,Vitamin $B_{12}$,171,0.879250,0.658223
NP,Vitamin $B_{12}$,172,0.879469,0.657738
NP,Vitamin $B_{12}$,173,0.878033,0.658246
NP,Vitamin $B_{12}$,174,0.880310,0.658035
NP,Vitamin $B_{12}$,175,0.880043,0.659034
NP,Vitamin $B_{12}$,176,0.880435,0.657728
NP,Vitamin $B_{12}$,177,0.881793,0.659888
NP,Vitamin $B_{12}$,178,0.879877,0.658076
NP,Vitamin $B_{12}$,179,0.880500,0.658558
NP,Vitamin $B_{12}$,180,0.879657,0.658606
NP,Vitamin $B_{12}$,181,0.880409,0.659471
NP,Vitamin $B_{12}$,182,0.880200,0.658910
NP,Vitamin $B_{12}$,183,0.879837,0.658672
NP,Vitamin $B_{12}$,184,0.879565,0.658089
NP,Vitamin $B_{12}$,185,0.879622,0.658446
NP,Vitamin $B_{12}$,186,0.880223,0.658232
NP,Vitamin $B_{12}$,187,0.877396,0.658327
NP,Vitamin $B_{12}$,188,0.880131,0.657381
NP,Vitamin $B_{12}$,189,0.881139,0.658928
NP,Vitamin $B_{12}$,190,0.879900,0.657503
NP,Vitamin $B_{12}$,191,0.880276,0.658227
NP,Vitamin $B_{12}$,192,0.882167,0.658389
NP,Vitamin $B_{12}$,193,0.879725,0.659111
NP,Vitamin $B_{12}$,194,0.880248,0.658578
NP,Vitamin $B_{12}$,195,0.881392,0.659673
NP,Vitamin $B_{12}$,196,0.879335,0.658349
NP,Vitamin $B_{12}$,197,0.880115,0.658691
NP,Vitamin $B_{12}$,198,0.879050,0.658995
NP,Vitamin $B_{12}$,199,0.879870,0.659385
NP,Vitamin $B_{12}$,200,0.879954,0.658885
NP,Vitamin $B_{12}$,201,0.880840,0.659780
NP,Vitamin $B_{12}$,202,0.878530,0.657275
NP,Vitamin $B_{12}$,203,0.880230,0.659199
NP,Vitamin $B_{12}$,204,0.879949,0.659005
NP,Vitamin $B_{12}$,205,0.879847,0.658426
NP,Vitamin $B_{12}$,206,0.880116,0.659702
NP,Vitamin $B_{12}$,207,0.879172,0.657854
NP,Vitamin $B_{12}$,208,0.879605,0.657951
NP,Vitamin $B_{12}$,209,0.880390,0.658922
NP,Vitamin $B_{12}$,210,0.879117,0.657656
NP,Vitamin $B_{12}$,211,0.878849,0.657422
NP,Vitamin $B_{12}$,212,0.880713,0.658265
NP,Vitamin $B_{12}$,213,0.880829,0.658864
NP,Vitamin $B_{12}$,214,0.881521,0.659476
NP,Vitamin $B_{12}$,215,0.879958,0.658942
NP,Vitamin $B_{12}$,216,0.879329,0.658403
NP,Vitamin $B_{12}$,217,0.881902,0.658947
NP,Vitamin $B_{12}$,218,0.879040,0.658120
NP,Vitamin $B_{12}$,219,0.880730,0.659281
NP,Vitamin $B_{12}$,220,0.879339,0.658562
NP,Vitamin $B_{12}$,221,0.879853,0.657942
NP,Vitamin $B_{12}$,222,0.878598,0.658505
NP,Vitamin $B_{12}$,223,0.880545,0.659326
NP,Vitamin $B_{12}$,224,0.880455,0.659201
NP,Vitamin $B_{12}$,225,0.879839,0.659476
NP,Vitamin $B_{12}$,226,0.879167,0.657483
NP,Vitamin $B_{12}$,227,0.880101,0.658553
NP,Vitamin $B_{12}$,228,0.880281,0.658836
NP,Vitamin $B_{12}$,229,0.880595,0.658905
NP,Vitamin $B_{12}$,230,0.880448,0.658662
NP,Vitamin $B_{12}$,231,0.878929,0.658103
NP,Vitamin $B_{12}$,232,0.880212,0.658562
NP,Vitamin $B_{12}$,233,0.880099,0.658834
NP,Vitamin $B_{12}$,234,0.879203,0.657536
NP,Vitamin $B_{12}$,235,0.880543,0.659090
NP,Vitamin $B_{12}$,236,0.879516,0.658845
NP,Vitamin $B_{12}$,237,0.880713,0.659212
NP,Vitamin $B_{12}$,238,0.880066,0.658165
NP,Vitamin $B_{12}$,239,0.879803,0.658834
NP,Vitamin $B_{12}$,240,0.880079,0.658434
NP,Vitamin $B_{12}$,241,0.879652,0.659063
NP,Vitamin $B_{12}$,242,0.883749,0.658066
NP,Vitamin $B_{12}$,243,0.879645,0.659011
NP,Vitamin $B_{12}$,244,0.879869,0.658861
NP,Vitamin $B_{12}$,245,0.879935,0.658778
NP,Vitamin $B_{12}$,246,0.880377,0.658696
NP,Vitamin $B_{12}$,247,0.879325,0.659276
NP,Vitamin $B_{12}$,248,0.878196,0.658453
NP,Vitamin $B_{12}$,249,0.878838,0.658121
NP,Vitamin $B_{12}$,250,0.879980,0.658770
NP,Vitamin $B_{12}$,251,0.880310,0.658783
NP,Vitamin $B_{12}$,252,0.879704,0.658585
NP,Vitamin $B_{12}$,253,0.879406,0.659138
NP,Vitamin $B_{12}$,254,0.879209,0.658092
NP,Vitamin $B_{12}$,255,0.878615,0.657889
NP,Vitamin $B_{12}$,256,0.880419,0.658138
NP,Vitamin $B_{12}$,257,0.878487,0.659008
NP,Vitamin $B_{12}$,258,0.881244,0.658419
NP,Vitamin $B_{12}$,259,0.879932,0.658481
NP,Vitamin $B_{12}$,260,0.879225,0.658453
NP,Vitamin $B_{12}$,261,0.881548,0.659165
NP,Vitamin $B_{12}$,262,0.879780,0.657853
NP,Vitamin $B_{12}$,263,0.880642,0.658973
NP,Vitamin $B_{12}$,264,0.879078,0.659356
NP,Vitamin $B_{12}$,265,0.879347,0.657964
NP,Vitamin $B_{12}$,266,0.880785,0.658704
NP,Vitamin $B_{12}$,267,0.879906,0.658246
NP,Vitamin $B_{12}$,268,0.880120,0.658069
NP,Vitamin $B_{12}$,269,0.879570,0.658159
NP,Vitamin $B_{12}$,270,0.879962,0.658015
NP,Vitamin $B_{12}$,271,0.878117,0.658343
NP,Vitamin $B_{12}$,272,0.881233,0.657831
NP,Vitamin $B_{12}$,273,0.881432,0.658878
NP,Vitamin $B_{12}$,274,0.879179,0.658151
NP,Vitamin $B_{12}$,275,0.880386,0.658081
NP,Vitamin $B_{12}$,276,0.880325,0.659055
NP,Vitamin $B_{12}$,277,0.879753,0.658565
NP,Vitamin $B_{12}$,278,0.881818,0.660183
NP,Vitamin $B_{12}$,279,0.880830,0.658837
NP,Vitamin $B_{12}$,280,0.880703,0.659822
NP,Vitamin $B_{12}$,281,0.880036,0.658909
NP,Vitamin $B_{12}$,282,0.878768,0.658147
NP,Vitamin $B_{12}$,283,0.878410,0.657015
NP,Vitamin $B_{12}$,284,0.879595,0.657828
NP,Vitamin $B_{12}$,285,0.880693,0.660167
NP,Vitamin $B_{12}$,286,0.880325,0.657822
NP,Vitamin $B_{12}$,287,0.880836,0.659133
NP,Vitamin $B_{12}$,288,0.880275,0.659421
NP,Vitamin $B_{12}$,289,0.880666,0.659984
NP,Vitamin $B_{12}$,290,0.879798,0.658481
NP,Vitamin $B_{12}$,291,0.879984,0.659343
NP,Vitamin $B_{12}$,292,0.880150,0.659312
NP,Vitamin $B_{12}$,293,0.880520,0.658738
NP,Vitamin $B_{12}$,294,0.879857,0.658489
NP,Vitamin $B_{12}$,295,0.879253,0.658319
NP,Vitamin $B_{12}$,296,0.880676,0.659425
NP,Vitamin $B_{12}$,297,0.878747,0.658288
NP,Vitamin $B_{12}$,298,0.878251,0.656786
NP,Vitamin $B_{12}$,299,0.880700,0.658703
NP,Vitamin $B_{12}$,300,0.880388,0.659143
NP,Vitamin $B_{12}$,301,0.880397,0.659604
NP,Vitamin $B_{12}$,302,0.880289,0.658593
NP,Vitamin $B_{12}$,303,0.879673,0.658426
NP,Vitamin $B_{12}$,304,0.879272,0.657860
NP,Vitamin $B_{12}$,305,0.881680,0.660328
NP,Vitamin $B_{12}$,306,0.878110,0.658435
NP,Vitamin $B_{12}$,307,0.880094,0.658726
NP,Vitamin $B_{12}$,308,0.880054,0.658813
NP,Vitamin $B_{12}$,309,0.880832,0.659136
NP,Vitamin $B_{12}$,310,0.879611,0.658535
NP,Vitamin $B_{12}$,311,0.879387,0.658328
NP,Vitamin $B_{12}$,312,0.880202,0.658917
NP,Vitamin $B_{12}$,313,0.877562,0.658481
NP,Vitamin $B_{12}$,314,0.881553,0.658940
NP,Vitamin $B_{12}$,315,0.880152,0.658422
NP,Vitamin $B_{12}$,316,0.879205,0.657496
NP,Vitamin $B_{12}$,317,0.880441,0.658509
NP,Vitamin $B_{12}$,318,0.880890,0.658715
NP,Vitamin $B_{12}$,319,0.881320,0.659237
NP,Vitamin $B_{12}$,320,0.879809,0.659357
NP,Vitamin $B_{12}$,321,0.879754,0.658688
NP,Vitamin $B_{12}$,322,0.880384,0.658839
NP,Vitamin $B_{12}$,323,0.880018,0.658686
NP,Vitamin $B_{12}$,324,0.879790,0.658383
NP,Vitamin $B_{12}$,325,0.879455,0.658193
NP,Vitamin $B_{12}$,326,0.880275,0.658097
NP,Vitamin $B_{12}$,327,0.877472,0.657627
NP,Vitamin $B_{12}$,328,0.880595,0.658129
NP,Vitamin $B_{12}$,329,0.881996,0.658826
NP,Vitamin $B_{12}$,330,0.879834,0.658589
NP,Vitamin $B_{12}$,331,0.879861,0.658684
NP,Vitamin $B_{12}$,332,0.880431,0.659207
NP,Vitamin $B_{12}$,333,0.880117,0.658500
NP,Vitamin $B_{12}$,334,0.877721,0.658174
NP,Vitamin $B_{12}$,335,0.880793,0.658986
NP,Vitamin $B_{12}$,336,0.881946,0.658971
NP,Vitamin $B_{12}$,337,0.880323,0.659423
NP,Vitamin $B_{12}$,338,0.879777,0.658027
NP,Vitamin $B_{12}$,339,0.879883,0.658070
NP,Vitamin $B_{12}$,340,0.879672,0.657787
NP,Vitamin $B_{12}$,341,0.880033,0.658499
NP,Vitamin $B_{12}$,342,0.879838,0.659189
NP,Vitamin $B_{12}$,343,0.886664,0.665059
NP,Vitamin $B_{12}$,344,0.880894,0.658763
NP,Vitamin $B_{12}$,345,0.880043,0.658870
NP,Vitamin $B_{12}$,346,0.879346,0.657598
NP,Vitamin $B_{12}$,347,0.880414,0.658640
NP,Vitamin $B_{12}$,348,0.879773,0.657694
NP,Vitamin $B_{12}$,349,0.881621,0.658986
NP,Vitamin $B_{12}$,350,0.884401,0.658908
NP,Vitamin $B_{12}$,351,0.878237,0.658442
NP,Vitamin $B_{12}$,352,0.882010,0.658067
NP,Vitamin $B_{12}$,353,0.883488,0.658234
NP,Vitamin $B_{12}$,354,0.880917,0.659079
NP,Vitamin $B_{12}$,355,0.879676,0.658609
NP,Vitamin $B_{12}$,356,0.880780,0.658576
NP,Vitamin $B_{12}$,357,0.881765,0.659560
NP,Vitamin $B_{12}$,358,0.877210,0.658047
NP,Vitamin $B_{12}$,359,0.880030,0.657887
NP,Vitamin $B_{12}$,360,0.881618,0.659611
NP,Vitamin $B_{12}$,361,0.879168,0.658511
NP,Vitamin $B_{12}$,362,0.881058,0.658846
NP,Vitamin $B_{12}$,363,0.879770,0.658309
NP,Vitamin $B_{12}$,364,0.880108,0.657804
NP,Vitamin $B_{12}$,365,0.878944,0.658740
NP,Vitamin $B_{12}$,366,0.880562,0.658169
NP,Vitamin $B_{12}$,367,0.880483,0.658896
NP,Vitamin $B_{12}$,368,0.880270,0.659320
NP,Vitamin $B_{12}$,369,0.880199,0.658979
NP,Vitamin $B_{12}$,370,0.880116,0.659053
NP,Vitamin $B_{12}$,371,0.879880,0.658412
NP,Vitamin $B_{12}$,372,0.880002,0.658619
NP,Vitamin $B_{12}$,373,0.880203,0.658759
NP,Vitamin $B_{12}$,374,0.879759,0.657521
NP,Vitamin $B_{12}$,375,0.880218,0.658381
NP,Vitamin $B_{12}$,376,0.882049,0.661428
NP,Vitamin $B_{12}$,377,0.879234,0.659741
NP,Vitamin $B_{12}$,378,0.880099,0.659223
NP,Vitamin $B_{12}$,379,0.879366,0.658459
NP,Vitamin $B_{12}$,380,0.880623,0.658672
NP,Vitamin $B_{12}$,381,0.879941,0.659420
NP,Vitamin $B_{12}$,382,0.891755,0.658359
NP,Vitamin $B_{12}$,383,0.881704,0.657942
NP,Vitamin $B_{12}$,384,0.881707,0.658851
NP,Vitamin $B_{12}$,385,0.881502,0.659631
NP,Vitamin $B_{12}$,386,0.880786,0.658883
NP,Vitamin $B_{12}$,387,0.880908,0.659250
NP,Vitamin $B_{12}$,388,0.880368,0.657982
NP,Vitamin $B_{12}$,389,0.877729,0.658276
NP,Vitamin $B_{12}$,390,0.881630,0.659760
NP,Vitamin $B_{12}$,391,0.880443,0.659161
NP,Vitamin $B_{12}$,392,0.879631,0.659376
NP,Vitamin $B_{12}$,393,0.880427,0.659536
NP,Vitamin $B_{12}$,394,0.880443,0.659172
NP,Vitamin $B_{12}$,395,0.880715,0.658465
NP,Vitamin $B_{12}$,396,0.878998,0.658111
NP,Vitamin $B_{12}$,397,0.879928,0.658897
NP,Vitamin $B_{12}$,398,0.881762,0.658678
NP,Vitamin $B_{12}$,399,0.877911,0.658736
NP,Vitamin $B_{12}$,400,0.879143,0.657429
NP,Vitamin $B_{12}$,401,0.880782,0.659141
NP,Vitamin $B_{12}$,402,0.879363,0.657705
NP,Vitamin $B_{12}$,403,0.878005,0.658314
NP,Vitamin $B_{12}$,404,0.881609,0.658760
NP,Vitamin $B_{12}$,405,0.880182,0.658509
NP,Vitamin $B_{12}$,406,0.879735,0.657959
NP,Vitamin $B_{12}$,407,0.880782,0.659332
NP,Vitamin $B_{12}$,408,0.880611,0.659830
NP,Vitamin $B_{12}$,409,0.878554,0.657703
NP,Vitamin $B_{12}$,410,0.878327,0.658822
NP,Vitamin $B_{12}$,411,0.880980,0.658801
NP,Vitamin $B_{12}$,412,0.880115,0.658457
NP,Vitamin $B_{12}$,413,0.880304,0.659088
NP,Vitamin $B_{12}$,414,0.880491,0.658212
NP,Vitamin $B_{12}$,415,0.879933,0.657446
NP,Vitamin $B_{12}$,416,0.880501,0.658624
NP,Vitamin $B_{12}$,417,0.877930,0.657756
NP,Vitamin $B_{12}$,418,0.882081,0.659612
NP,Vitamin $B_{12}$,419,0.880897,0.658955
NP,Vitamin $B_{12}$,420,0.879056,0.658103
NP,Vitamin $B_{12}$,421,0.880046,0.658525
NP,Vitamin $B_{12}$,422,0.880272,0.658710
NP,Vitamin $B_{12}$,423,0.880356,0.658517
NP,Vitamin $B_{12}$,424,0.880092,0.658264
NP,Vitamin $B_{12}$,425,0.879654,0.658097
NP,Vitamin $B_{12}$,426,0.880096,0.658050
NP,Vitamin $B_{12}$,427,0.880558,0.658624
NP,Vitamin $B_{12}$,428,0.879550,0.658967
NP,Vitamin $B_{12}$,429,0.879871,0.658836
NP,Vitamin $B_{12}$,430,0.880142,0.659193
NP,Vitamin $B_{12}$,431,0.880544,0.659352
NP,Vitamin $B_{12}$,432,0.879774,0.658151
NP,Vitamin $B_{12}$,433,0.880260,0.659382
NP,Vitamin $B_{12}$,434,0.879375,0.658200
NP,Vitamin $B_{12}$,435,0.880106,0.658609
NP,Vitamin $B_{12}$,436,0.879268,0.658127
NP,Vitamin $B_{12}$,437,0.880700,0.659972
NP,Vitamin $B_{12}$,438,0.880812,0.659641
NP,Vitamin $B_{12}$,439,0.880023,0.659131
NP,Vitamin $B_{12}$,440,0.879441,0.658021
NP,Vitamin $B_{12}$,441,0.879656,0.658460
NP,Vitamin $B_{12}$,442,0.880259,0.659162
NP,Vitamin $B_{12}$,443,0.879527,0.658870
NP,Vitamin $B_{12}$,444,0.880425,0.658890
NP,Vitamin $B_{12}$,445,0.880109,0.659193
NP,Vitamin $B_{12}$,446,0.881399,0.659443
NP,Vitamin $B_{12}$,447,0.879550,0.658858
NP,Vitamin $B_{12}$,448,0.879080,0.658595
NP,Vitamin $B_{12}$,449,0.879802,0.658996
NP,Vitamin $B_{12}$,450,0.880063,0.658970
NP,Vitamin $B_{12}$,451,0.880273,0.659562
NP,Vitamin $B_{12}$,452,0.879651,0.659305
NP,Vitamin $B_{12}$,453,0.880666,0.659649
NP,Vitamin $B_{12}$,454,0.880096,0.658998
NP,Vitamin $B_{12}$,455,0.880090,0.659434
NP,Vitamin $B_{12}$,456,0.879497,0.658695
NP,Vitamin $B_{12}$,457,0.879583,0.659064
NP,Vitamin $B_{12}$,458,0.879875,0.658088
NP,Vitamin $B_{12}$,459,0.880271,0.659569
NP,Vitamin $B_{12}$,460,0.880108,0.658387
NP,Vitamin $B_{12}$,461,0.879729,0.658688
NP,Vitamin $B_{12}$,462,0.879011,0.659036
NP,Vitamin $B_{12}$,463,0.880205,0.658663
NP,Vitamin $B_{12}$,464,0.880383,0.658422
NP,Vitamin $B_{12}$,465,0.880217,0.658900
NP,Vitamin $B_{12}$,466,0.879457,0.658438
NP,Vitamin $B_{12}$,467,0.881262,0.658079
NP,Vitamin $B_{12}$,468,0.880713,0.659446
NP,Vitamin $B_{12}$,469,0.879192,0.658698
NP,Vitamin $B_{12}$,470,0.880522,0.658987
NP,Vitamin $B_{12}$,471,0.879897,0.658817
NP,Vitamin $B_{12}$,472,0.879210,0.658060
NP,Vitamin $B_{12}$,473,0.881624,0.659847
NP,Vitamin $B_{12}$,474,0.879165,0.658578
NP,Vitamin $B_{12}$,475,0.879941,0.659029
NP,Vitamin $B_{12}$,476,0.879845,0.659115
NP,Vitamin $B_{12}$,477,0.878896,0.657838
NP,Vitamin $B_{12}$,478,0.879214,0.658256
NP,Vitamin $B_{12}$,479,0.881236,0.658891
NP,Vitamin $B_{12}$,480,0.878129,0.658214
NP,Vitamin $B_{12}$,481,0.880671,0.659258
NP,Vitamin $B_{12}$,482,0.880800,0.659095
NP,Vitamin $B_{12}$,483,0.878745,0.658059
NP,Vitamin $B_{12}$,484,0.879824,0.658352
NP,Vitamin $B_{12}$,485,0.880727,0.658626
NP,Vitamin $B_{12}$,486,0.880680,0.658323
NP,Vitamin $B_{12}$,487,0.877831,0.658482
NP,Vitamin $B_{12}$,488,0.881759,0.659294
NP,Vitamin $B_{12}$,489,0.880942,0.658875
NP,Vitamin $B_{12}$,490,0.879907,0.658693
NP,Vitamin $B_{12}$,491,0.880281,0.658927
NP,Vitamin $B_{12}$,492,0.879022,0.658184
NP,Vitamin $B_{12}$,493,0.879660,0.658741
NP,Vitamin $B_{12}$,494,0.880595,0.658692
NP,Vitamin $B_{12}$,495,0.880718,0.659374
NP,Vitamin $B_{12}$,496,0.879917,0.658834
NP,Vitamin $B_{12}$,497,0.879364,0.658921
NP,Vitamin $B_{12}$,498,0.880408,0.658554
NP,Vitamin $B_{12}$,499,0.879969,0.659418
NP,Vitamin $B_{12}$,500,0.879460,0.658047
NP,Vitamin $B_{12}$,501,0.880846,0.659289
NP,Vitamin $B_{12}$,502,0.879389,0.658008
NP,Vitamin $B_{12}$,503,0.879694,0.658405
NP,Vitamin $B_{12}$,504,0.878648,0.658118
NP,Vitamin $B_{12}$,505,0.879600,0.658211
NP,Vitamin $B_{12}$,506,0.881193,0.658835
NP,Vitamin $B_{12}$,507,0.879550,0.658090
NP,Vitamin $B_{12}$,508,0.877618,0.657833
NP,Vitamin $B_{12}$,509,0.882442,0.660733
NP,Vitamin $B_{12}$,510,0.879936,0.657823
NP,Vitamin $B_{12}$,511,0.881108,0.659565
NP,Vitamin $B_{12}$,512,0.880637,0.659160
NP,Vitamin $B_{12}$,513,0.880038,0.659943
NP,Vitamin $B_{12}$,514,0.879153,0.658118
NP,Vitamin $B_{12}$,515,0.880111,0.659272
NP,Vitamin $B_{12}$,516,0.880200,0.658115
NP,Vitamin $B_{12}$,517,0.879706,0.658879
NP,Vitamin $B_{12}$,518,0.879533,0.658803
NP,Vitamin $B_{12}$,519,0.880469,0.658734
NP,Vitamin $B_{12}$,520,0.880399,0.659490
NP,Vitamin $B_{12}$,521,0.878844,0.657396
NP,Vitamin $B_{12}$,522,0.880732,0.659402
NP,Vitamin $B_{12}$,523,0.880306,0.658895
NP,Vitamin $B_{12}$,524,0.880491,0.659228
NP,Vitamin $B_{12}$,525,0.880170,0.659022
NP,Vitamin $B_{12}$,526,0.879860,0.659887
NP,Vitamin $B_{12}$,527,0.879875,0.659301
NP,Vitamin $B_{12}$,528,0.879655,0.658494
NP,Vitamin $B_{12}$,529,0.879666,0.658775
NP,Vitamin $B_{12}$,530,0.879954,0.658470
NP,Vitamin $B_{12}$,531,0.880656,0.658910
NP,Vitamin $B_{12}$,532,0.881570,0.659617
NP,Vitamin $B_{12}$,533,0.879953,0.659598
NP,Vitamin $B_{12}$,534,0.880472,0.660329
NP,Vitamin $B_{12}$,535,0.879075,0.658612
NP,Vitamin $B_{12}$,536,0.879941,0.659065
NP,Vitamin $B_{12}$,537,0.879904,0.659228
NP,Vitamin $B_{12}$,538,0.878758,0.657752
NP,Vitamin $B_{12}$,539,0.879906,0.659146
NP,Vitamin $B_{12}$,540,0.879181,0.658834
NP,Vitamin $B_{12}$,541,0.880419,0.659681
NP,Vitamin $B_{12}$,542,0.885898,0.659207
NP,Vitamin $B_{12}$,543,0.881691,0.659102
NP,Vitamin $B_{12}$,544,0.882494,0.659565
NP,Vitamin $B_{12}$,545,0.885190,0.659481
NP,Vitamin $B_{12}$,546,0.879621,0.659025
NP,Vitamin $B_{12}$,547,0.880748,0.658079
NP,Vitamin $B_{12}$,548,0.882563,0.658962
NP,Vitamin $B_{12}$,549,0.880877,0.659650
NP,Vitamin $B_{12}$,550,0.880080,0.657960
NP,Vitamin $B_{12}$,551,0.879902,0.659172
NP,Vitamin $B_{12}$,552,0.880832,0.659110
NP,Vitamin $B_{12}$,553,0.879189,0.659603
NP,Vitamin $B_{12}$,554,0.879769,0.657681
NP,Vitamin $B_{12}$,555,0.880735,0.658606
NP,Vitamin $B_{12}$,556,0.880021,0.658013
NP,Vitamin $B_{12}$,557,0.880172,0.658747
NP,Vitamin $B_{12}$,558,0.879821,0.659391
NP,Vitamin $B_{12}$,559,0.886922,0.658917
NP,Vitamin $B_{12}$,560,0.880765,0.658249
NP,Vitamin $B_{12}$,561,0.880790,0.658301
NP,Vitamin $B_{12}$,562,0.885791,0.659431
NP,Vitamin $B_{12}$,563,0.881159,0.658947
NP,Vitamin $B_{12}$,564,0.880839,0.657084
NP,Vitamin $B_{12}$,565,0.884807,0.659284
NP,Vitamin $B_{12}$,566,0.879476,0.658396
NP,Vitamin $B_{12}$,567,0.879982,0.658025
NP,Vitamin $B_{12}$,568,0.879182,0.658518
NP,Vitamin $B_{12}$,569,0.880934,0.659319
NP,Vitamin $B_{12}$,570,0.879661,0.658254
NP,Vitamin $B_{12}$,571,0.879839,0.658250
NP,Vitamin $B_{12}$,572,0.880628,0.659424
NP,Vitamin $B_{12}$,573,0.880860,0.659316
NP,Vitamin $B_{12}$,574,0.879045,0.658817
NP,Vitamin $B_{12}$,575,0.879896,0.659904
NP,Vitamin $B_{12}$,576,0.880860,0.660190
NP,Vitamin $B_{12}$,577,0.888015,0.665523
NP,Vitamin $B_{12}$,578,0.882144,0.657731
NP,Vitamin $B_{12}$,579,0.884626,0.660304
NP,Vitamin $B_{12}$,580,0.879565,0.659072
NP,Vitamin $B_{12}$,581,0.882376,0.659952
NP,Vitamin $B_{12}$,582,0.880525,0.658485
NP,Vitamin $B_{12}$,583,0.879754,0.657750
NP,Vitamin $B_{12}$,584,0.880767,0.658000
NP,Vitamin $B_{12}$,585,0.881164,0.660989
NP,Vitamin $B_{12}$,586,0.878643,0.658362
NP,Vitamin $B_{12}$,587,0.880794,0.659759
NP,Vitamin $B_{12}$,588,0.880623,0.659155
NP,Vitamin $B_{12}$,589,0.879383,0.658837
NP,Vitamin $B_{12}$,590,0.879812,0.658406
NP,Vitamin $B_{12}$,591,0.879606,0.659034
NP,Vitamin $B_{12}$,592,0.880051,0.659012
NP,Vitamin $B_{12}$,593,0.880546,0.659040
NP,Vitamin $B_{12}$,594,0.880107,0.658069
NP,Vitamin $B_{12}$,595,0.879502,0.658569
NP,Vitamin $B_{12}$,596,0.880587,0.659021
NP,Vitamin $B_{12}$,597,0.880019,0.658812
NP,Vitamin $B_{12}$,598,0.879407,0.658384
NP,Vitamin $B_{12}$,599,0.880128,0.658729
NP,Vitamin $B_{12}$,600,0.880009,0.658335
NP,Vitamin $B_{12}$,601,0.879340,0.658762
NP,Vitamin $B_{12}$,602,0.880567,0.658293
NP,Vitamin $B_{12}$,603,0.880061,0.658589
NP,Vitamin $B_{12}$,604,0.879998,0.658650
NP,Vitamin $B_{12}$,605,0.879913,0.658278
NP,Vitamin $B_{12}$,606,0.879743,0.658789
NP,Vitamin $B_{12}$,607,0.879715,0.659198
NP,Vitamin $B_{12}$,608,0.878349,0.658403
NP,Vitamin $B_{12}$,609,0.880634,0.658095
NP,Vitamin $B_{12}$,610,0.882395,0.661728
NP,Vitamin $B_{12}$,611,0.880232,0.658986
NP,Vitamin $B_{12}$,612,0.880550,0.659600
NP,Vitamin $B_{12}$,613,0.879194,0.658982
NP,Vitamin $B_{12}$,614,0.879414,0.657933
NP,Vitamin $B_{12}$,615,0.880683,0.659624
NP,Vitamin $B_{12}$,616,0.880157,0.659092
NP,Vitamin $B_{12}$,617,0.880417,0.659334
NP,Vitamin $B_{12}$,618,0.879117,0.658438
NP,Vitamin $B_{12}$,619,0.879491,0.658707
NP,Vitamin $B_{12}$,620,0.879557,0.658306
NP,Vitamin $B_{12}$,621,0.881637,0.660332
NP,Vitamin $B_{12}$,622,0.880169,0.658855
NP,Vitamin $B_{12}$,623,0.880380,0.658992
NP,Vitamin $B_{12}$,624,0.879899,0.658957
NP,Vitamin $B_{12}$,625,0.879779,0.659049
NP,Vitamin $B_{12}$,626,0.886085,0.658561
NP,Vitamin $B_{12}$,627,0.881867,0.659134
NP,Vitamin $B_{12}$,628,0.882121,0.658670
NP,Vitamin $B_{12}$,629,0.884221,0.659202
NP,Vitamin $B_{12}$,630,0.881635,0.658932
NP,Vitamin $B_{12}$,631,0.880270,0.658344
NP,Vitamin $B_{12}$,632,0.888165,0.658547
NP,Vitamin $B_{12}$,633,0.882237,0.660042
NP,Vitamin $B_{12}$,634,0.881364,0.657701
NP,Vitamin $B_{12}$,635,0.877770,0.657912
NP,Vitamin $B_{12}$,636,0.881230,0.659278
NP,Vitamin $B_{12}$,637,0.883193,0.659605
NP,Vitamin $B_{12}$,638,0.883674,0.658064
NP,Vitamin $B_{12}$,639,0.881222,0.658126
NP,Vitamin $B_{12}$,640,0.882189,0.658816
NP,Vitamin $B_{12}$,641,0.881453,0.658774
NP,Vitamin $B_{12}$,642,0.877877,0.658066
NP,Vitamin $B_{12}$,643,0.881172,0.658890
NP,Vitamin $B_{12}$,644,0.880273,0.658323
NP,Vitamin $B_{12}$,645,0.880192,0.659452
NP,Vitamin $B_{12}$,646,0.880530,0.658415
NP,Vitamin $B_{12}$,647,0.880095,0.659057
NP,Vitamin $B_{12}$,648,0.880116,0.658434
NP,Vitamin $B_{12}$,649,0.879870,0.658770
NP,Vitamin $B_{12}$,650,0.879648,0.658693
NP,Vitamin $B_{12}$,651,0.880378,0.659073
NP,Vitamin $B_{12}$,652,0.881469,0.660438
NP,Vitamin $B_{12}$,653,0.879971,0.658659
NP,Vitamin $B_{12}$,654,0.881352,0.659506
NP,Vitamin $B_{12}$,655,0.880417,0.659441
NP,Vitamin $B_{12}$,656,0.881443,0.659588
NP,Vitamin $B_{12}$,657,0.881781,0.659568
NP,Vitamin $B_{12}$,658,0.881727,0.658381
NP,Vitamin $B_{12}$,659,0.881087,0.658035
NP,Vitamin $B_{12}$,660,0.881118,0.658229
NP,Vitamin $B_{12}$,661,0.883192,0.658509
NP,Vitamin $B_{12}$,662,0.882112,0.658103
NP,Vitamin $B_{12}$,663,0.883134,0.659839
NP,Vitamin $B_{12}$,664,0.879566,0.658087
NP,Vitamin $B_{12}$,665,0.880229,0.657943
NP,Vitamin $B_{12}$,666,0.880284,0.658955
NP,Vitamin $B_{12}$,667,0.881005,0.659815
NP,Vitamin $B_{12}$,668,0.880311,0.659032
NP,Vitamin $B_{12}$,669,0.881264,0.659824
NP,Vitamin $B_{12}$,670,0.880163,0.659539
NP,Vitamin $B_{12}$,671,0.878260,0.657725
NP,Vitamin $B_{12}$,672,0.879495,0.658433
NP,Vitamin $B_{12}$,673,0.879228,0.657793
NP,Vitamin $B_{12}$,674,0.882445,0.658048
NP,Vitamin $B_{12}$,675,0.878589,0.658148
NP,Vitamin $B_{12}$,676,0.880289,0.659218
NP,Vitamin $B_{12}$,677,0.880749,0.659592
NP,Vitamin $B_{12}$,678,0.880226,0.659094
NP,Vitamin $B_{12}$,679,0.879917,0.658926
NP,Vitamin $B_{12}$,680,0.880222,0.658956
NP,Vitamin $B_{12}$,681,0.880375,0.659103
NP,Vitamin $B_{12}$,682,0.880042,0.658770
NP,Vitamin $B_{12}$,683,0.878039,0.657803
NP,Vitamin $B_{12}$,684,0.879999,0.658516
NP,Vitamin $B_{12}$,685,0.883970,0.664970
NP,Vitamin $B_{12}$,686,0.880800,0.659558
NP,Vitamin $B_{12}$,687,0.880434,0.658400
NP,Vitamin $B_{12}$,688,0.882056,0.659530
NP,Vitamin $B_{12}$,689,0.884703,0.658877
NP,Vitamin $B_{12}$,690,0.878871,0.658646
NP,Vitamin $B_{12}$,691,0.883635,0.659349
NP,Vitamin $B_{12}$,692,0.883074,0.659888
NP,Vitamin $B_{12}$,693,0.882471,0.660330
NP,Vitamin $B_{12}$,694,0.884017,0.662943
NP,Vitamin $B_{12}$,695,0.880247,0.658943
NP,Vitamin $B_{12}$,696,0.879615,0.658379
NP,Vitamin $B_{12}$,697,0.878996,0.658174
NP,Vitamin $B_{12}$,698,0.878988,0.658431
NP,Vitamin $B_{12}$,699,0.879621,0.658477
NP,Vitamin $B_{12}$,700,0.879133,0.658355
NP,Vitamin $B_{12}$,701,0.880791,0.659929
NP,Vitamin $B_{12}$,702,0.878901,0.658303
NP,Vitamin $B_{12}$,703,0.879721,0.658724
NP,Vitamin $B_{12}$,704,0.879992,0.658254
NP,Vitamin $B_{12}$,705,0.879938,0.658978
NP,Vitamin $B_{12}$,706,0.879878,0.658664
NP,Vitamin $B_{12}$,707,0.879220,0.658775
NP,Vitamin $B_{12}$,708,0.879901,0.658154
NP,Vitamin $B_{12}$,709,0.879598,0.658044
NP,Vitamin $B_{12}$,710,0.881897,0.658101
NP,Vitamin $B_{12}$,711,0.880960,0.659716
NP,Vitamin $B_{12}$,712,0.880012,0.658563
NP,Vitamin $B_{12}$,713,0.880112,0.658837
NP,Vitamin $B_{12}$,714,0.880657,0.659571
NP,Vitamin $B_{12}$,715,0.880232,0.659564
NP,Vitamin $B_{12}$,716,0.878252,0.658608
NP,Vitamin $B_{12}$,717,0.880048,0.660106
NP,Vitamin $B_{12}$,718,0.878374,0.657989
NP,Vitamin $B_{12}$,719,0.880448,0.660587
NP,Vitamin $B_{12}$,720,0.880130,0.658490
NP,Vitamin $B_{12}$,721,0.879570,0.658136
NP,Vitamin $B_{12}$,722,0.879747,0.657938
NP,Vitamin $B_{12}$,723,0.880031,0.658510
NP,Vitamin $B_{12}$,724,0.880368,0.658218
NP,Vitamin $B_{12}$,725,0.880011,0.658737
NP,Vitamin $B_{12}$,726,0.879885,0.657897
NP,Vitamin $B_{12}$,727,0.880106,0.659175
NP,Vitamin $B_{12}$,728,0.880700,0.659014
NP,Vitamin $B_{12}$,729,0.879844,0.659117
NP,Vitamin $B_{12}$,730,0.878904,0.657900
NP,Vitamin $B_{12}$,731,0.878893,0.656921
NP,Vitamin $B_{12}$,732,0.878509,0.658658
NP,Vitamin $B_{12}$,733,0.881813,0.659962
NP,Vitamin $B_{12}$,734,0.880284,0.658941
NP,Vitamin $B_{12}$,735,0.883353,0.659020
NP,Vitamin $B_{12}$,736,0.878797,0.659003
NP,Vitamin $B_{12}$,737,0.879481,0.659164
NP,Vitamin $B_{12}$,738,0.879493,0.657648
NP,Vitamin $B_{12}$,739,0.879153,0.658224
NP,Vitamin $B_{12}$,740,0.881127,0.659169
NP,Vitamin $B_{12}$,741,0.880104,0.658944
NP,Vitamin $B_{12}$,742,0.879134,0.658021
NP,Vitamin $B_{12}$,743,0.880075,0.659057
NP,Vitamin $B_{12}$,744,0.879609,0.658320
NP,Vitamin $B_{12}$,745,0.880667,0.658774
NP,Vitamin $B_{12}$,746,0.877125,0.657308
NP,Vitamin $B_{12}$,747,0.880600,0.658234
NP,Vitamin $B_{12}$,748,0.880623,0.657648
NP,Vitamin $B_{12}$,749,0.879958,0.657713
NP,Vitamin $B_{12}$,750,0.880437,0.658711
NP,Vitamin $B_{12}$,751,0.880128,0.659030
NP,Vitamin $B_{12}$,752,0.880536,0.658612
NP,Vitamin $B_{12}$,753,0.878607,0.658560
NP,Vitamin $B_{12}$,754,0.880133,0.658554
NP,Vitamin $B_{12}$,755,0.880950,0.658176
NP,Vitamin $B_{12}$,756,0.878691,0.657251
NP,Vitamin $B_{12}$,757,0.880363,0.658007
NP,Vitamin $B_{12}$,758,0.880657,0.657851
NP,Vitamin $B_{12}$,759,0.880339,0.658124
NP,Vitamin $B_{12}$,760,0.881345,0.657681
NP,Vitamin $B_{12}$,761,0.879797,0.658644
NP,Vitamin $B_{12}$,762,0.879835,0.658640
NP,Vitamin $B_{12}$,763,0.879952,0.659344
NP,Vitamin $B_{12}$,764,0.879887,0.658468
NP,Vitamin $B_{12}$,765,0.879632,0.658488
NP,Vitamin $B_{12}$,766,0.880478,0.658207
NP,Vitamin $B_{12}$,767,0.879571,0.657865
NP,Vitamin $B_{12}$,768,0.881299,0.659052
NP,Vitamin $B_{12}$,769,0.880355,0.659861
NP,Vitamin $B_{12}$,770,0.879946,0.658877
NP,Vitamin $B_{12}$,771,0.880716,0.659878
NP,Vitamin $B_{12}$,772,0.878701,0.658863
NP,Vitamin $B_{12}$,773,0.879161,0.658487
NP,Vitamin $B_{12}$,774,0.880486,0.658700
NP,Vitamin $B_{12}$,775,0.879341,0.657926
NP,Vitamin $B_{12}$,776,0.880628,0.658898
NP,Vitamin $B_{12}$,777,0.878668,0.657876
NP,Vitamin $B_{12}$,778,0.879622,0.657076
NP,Vitamin $B_{12}$,779,0.880497,0.659250
NP,Vitamin $B_{12}$,780,0.879997,0.658147
NP,Vitamin $B_{12}$,781,0.879906,0.658798
NP,Vitamin $B_{12}$,782,0.880215,0.658660
NP,Vitamin $B_{12}$,783,0.880162,0.658380
NP,Vitamin $B_{12}$,784,0.879233,0.657927
NP,Vitamin $B_{12}$,785,0.882605,0.657943
NP,Vitamin $B_{12}$,786,0.878725,0.658545
NP,Vitamin $B_{12}$,787,0.879794,0.657299
NP,Vitamin $B_{12}$,788,0.880017,0.658283
NP,Vitamin $B_{12}$,789,0.879808,0.659110
NP,Vitamin $B_{12}$,790,0.879745,0.658642
NP,Vitamin $B_{12}$,791,0.880313,0.658709
NP,Vitamin $B_{12}$,792,0.880096,0.659089
NP,Vitamin $B_{12}$,793,0.879548,0.658583
NP,Vitamin $B_{12}$,794,0.880038,0.658397
NP,Vitamin $B_{12}$,795,0.880074,0.659142
NP,Vitamin $B_{12}$,796,0.878649,0.657156
NP,Vitamin $B_{12}$,797,0.880095,0.658119
NP,Vitamin $B_{12}$,798,0.879350,0.658639
NP,Vitamin $B_{12}$,799,0.881005,0.659168
NP,Vitamin $B_{12}$,800,0.880103,0.657962
NP,Vitamin $B_{12}$,801,0.880236,0.658760
NP,Vitamin $B_{12}$,802,0.878162,0.658571
NP,Vitamin $B_{12}$,803,0.881695,0.659017
NP,Vitamin $B_{12}$,804,0.880998,0.659321
NP,Vitamin $B_{12}$,805,0.879323,0.658517
NP,Vitamin $B_{12}$,806,0.879895,0.657854
NP,Vitamin $B_{12}$,807,0.880151,0.658394
NP,Vitamin $B_{12}$,808,0.879775,0.657965
NP,Vitamin $B_{12}$,809,0.879512,0.659810
NP,Vitamin $B_{12}$,810,0.881649,0.657679
NP,Vitamin $B_{12}$,811,0.880095,0.660630
NP,Vitamin $B_{12}$,812,0.879963,0.658028
NP,Vitamin $B_{12}$,813,0.879736,0.658767
NP,Vitamin $B_{12}$,814,0.878827,0.658111
NP,Vitamin $B_{12}$,815,0.880258,0.658325
NP,Vitamin $B_{12}$,816,0.880984,0.658707
NP,Vitamin $B_{12}$,817,0.880119,0.658661
NP,Vitamin $B_{12}$,818,0.879817,0.658152
NP,Vitamin $B_{12}$,819,0.878856,0.657954
NP,Vitamin $B_{12}$,820,0.880525,0.657464
NP,Vitamin $B_{12}$,821,0.879982,0.658591
NP,Vitamin $B_{12}$,822,0.879720,0.657937
NP,Vitamin $B_{12}$,823,0.878472,0.658741
NP,Vitamin $B_{12}$,824,0.882073,0.659940
NP,Vitamin $B_{12}$,825,0.880701,0.658986
NP,Vitamin $B_{12}$,826,0.878847,0.657834
NP,Vitamin $B_{12}$,827,0.879591,0.659165
NP,Vitamin $B_{12}$,828,0.879898,0.658093
NP,Vitamin $B_{12}$,829,0.881314,0.659452
NP,Vitamin $B_{12}$,830,0.877859,0.657658
NP,Vitamin $B_{12}$,831,0.880857,0.658863
NP,Vitamin $B_{12}$,832,0.879770,0.658359
NP,Vitamin $B_{12}$,833,0.880146,0.658910
NP,Vitamin $B_{12}$,834,0.880037,0.658724
NP,Vitamin $B_{12}$,835,0.878888,0.657584
NP,Vitamin $B_{12}$,836,0.881661,0.660058
NP,Vitamin $B_{12}$,837,0.878602,0.658677
NP,Vitamin $B_{12}$,838,0.880409,0.658448
NP,Vitamin $B_{12}$,839,0.880966,0.659663
NP,Vitamin $B_{12}$,840,0.879642,0.659161
NP,Vitamin $B_{12}$,841,0.879803,0.658163
NP,Vitamin $B_{12}$,842,0.879995,0.658596
NP,Vitamin $B_{12}$,843,0.881349,0.658178
NP,Vitamin $B_{12}$,844,0.878653,0.658473
NP,Vitamin $B_{12}$,845,0.880612,0.659302
NP,Vitamin $B_{12}$,846,0.880589,0.658544
NP,Vitamin $B_{12}$,847,0.879605,0.658698
NP,Vitamin $B_{12}$,848,0.880194,0.658595
NP,Vitamin $B_{12}$,849,0.879549,0.658417
NP,Vitamin $B_{12}$,850,0.879882,0.658434
NP,Vitamin $B_{12}$,851,0.880525,0.658928
NP,Vitamin $B_{12}$,852,0.880130,0.658753
NP,Vitamin $B_{12}$,853,0.879985,0.658815
NP,Vitamin $B_{12}$,854,0.880893,0.658904
NP,Vitamin $B_{12}$,855,0.879709,0.659343
NP,Vitamin $B_{12}$,856,0.878885,0.657959
NP,Vitamin $B_{12}$,857,0.879847,0.658541
NP,Vitamin $B_{12}$,858,0.880359,0.658151
NP,Vitamin $B_{12}$,859,0.879714,0.658792
NP,Vitamin $B_{12}$,860,0.879811,0.658118
NP,Vitamin $B_{12}$,861,0.879555,0.658033
NP,Vitamin $B_{12}$,862,0.880327,0.658604
NP,Vitamin $B_{12}$,863,0.880275,0.659068
NP,Vitamin $B_{12}$,864,0.879851,0.658279
NP,Vitamin $B_{12}$,865,0.879879,0.658675
NP,Vitamin $B_{12}$,866,0.879950,0.658813
NP,Vitamin $B_{12}$,867,0.880905,0.659414
NP,Vitamin $B_{12}$,868,0.879563,0.659259
NP,Vitamin $B_{12}$,869,0.880145,0.659247
NP,Vitamin $B_{12}$,870,0.880143,0.659423
NP,Vitamin $B_{12}$,871,0.879716,0.658506
NP,Vitamin $B_{12}$,872,0.879890,0.658418
NP,Vitamin $B_{12}$,873,0.880873,0.659688
NP,Vitamin $B_{12}$,874,0.879928,0.658632
NP,Vitamin $B_{12}$,875,0.880524,0.659204
NP,Vitamin $B_{12}$,876,0.879447,0.658430
NP,Vitamin $B_{12}$,877,0.879348,0.658563
NP,Vitamin $B_{12}$,878,0.879754,0.658058
NP,Vitamin $B_{12}$,879,0.880015,0.658940
NP,Vitamin $B_{12}$,880,0.879872,0.657466
NP,Vitamin $B_{12}$,881,0.880508,0.659752
NP,Vitamin $B_{12}$,882,0.879709,0.658890
NP,Vitamin $B_{12}$,883,0.880213,0.659207
NP,Vitamin $B_{12}$,884,0.880493,0.658265
NP,Vitamin $B_{12}$,885,0.879274,0.658427
NP,Vitamin $B_{12}$,886,0.879526,0.658398
NP,Vitamin $B_{12}$,887,0.880110,0.658054
NP,Vitamin $B_{12}$,888,0.879647,0.658271
NP,Vitamin $B_{12}$,889,0.879833,0.659212
NP,Vitamin $B_{12}$,890,0.880091,0.658370
NP,Vitamin $B_{12}$,891,0.880148,0.658906
NP,Vitamin $B_{12}$,892,0.880351,0.658971
NP,Vitamin $B_{12}$,893,0.879224,0.658614
NP,Vitamin $B_{12}$,894,0.880455,0.658147
NP,Vitamin $B_{12}$,895,0.881023,0.659708
NP,Vitamin $B_{12}$,896,0.879076,0.658556
NP,Vitamin $B_{12}$,897,0.880275,0.658468
NP,Vitamin $B_{12}$,898,0.880219,0.659756
NP,Vitamin $B_{12}$,899,0.880458,0.658800
NP,Vitamin $B_{12}$,900,0.880033,0.658242
NP,Vitamin $B_{12}$,901,0.879997,0.658860
NP,Vitamin $B_{12}$,902,0.879781,0.658732
NP,Vitamin $B_{12}$,903,0.878255,0.657935
NP,Vitamin $B_{12}$,904,0.879631,0.658072
NP,Vitamin $B_{12}$,905,0.879848,0.658256
NP,Vitamin $B_{12}$,906,0.880666,0.658002
NP,Vitamin $B_{12}$,907,0.877887,0.657611
NP,Vitamin $B_{12}$,908,0.881654,0.659092
NP,Vitamin $B_{12}$,909,0.880856,0.659380
NP,Vitamin $B_{12}$,910,0.879697,0.659404
NP,Vitamin $B_{12}$,911,0.880360,0.658880
NP,Vitamin $B_{12}$,912,0.879438,0.657612
NP,Vitamin $B_{12}$,913,0.880248,0.658274
NP,Vitamin $B_{12}$,914,0.878861,0.659061
NP,Vitamin $B_{12}$,915,0.880256,0.657947
NP,Vitamin $B_{12}$,916,0.880275,0.657972
NP,Vitamin $B_{12}$,917,0.880635,0.658888
NP,Vitamin $B_{12}$,918,0.880764,0.658482
NP,Vitamin $B_{12}$,919,0.879287,0.658486
NP,Vitamin $B_{12}$,920,0.881266,0.658935
NP,Vitamin $B_{12}$,921,0.880426,0.659665
NP,Vitamin $B_{12}$,922,0.880266,0.658782
NP,Vitamin $B_{12}$,923,0.879527,0.658436
NP,Vitamin $B_{12}$,924,0.879068,0.658856
NP,Vitamin $B_{12}$,925,0.880479,0.659723
NP,Vitamin $B_{12}$,926,0.879170,0.658132
NP,Vitamin $B_{12}$,927,0.880944,0.659157
NP,Vitamin $B_{12}$,928,0.879771,0.658581
NP,Vitamin $B_{12}$,929,0.879772,0.659195
NP,Vitamin $B_{12}$,930,0.880339,0.659877
NP,Vitamin $B_{12}$,931,0.878827,0.658381
NP,Vitamin $B_{12}$,932,0.880733,0.659009
NP,Vitamin $B_{12}$,933,0.879635,0.658404
NP,Vitamin $B_{12}$,934,0.880451,0.658503
NP,Vitamin $B_{12}$,935,0.877787,0.657941
NP,Vitamin $B_{12}$,936,0.880308,0.658209
NP,Vitamin $B_{12}$,937,0.880411,0.658128
NP,Vitamin $B_{12}$,938,0.880257,0.658232
NP,Vitamin $B_{12}$,939,0.880515,0.658754
NP,Vitamin $B_{12}$,940,0.880141,0.658511
NP,Vitamin $B_{12}$,941,0.879531,0.657670
NP,Vitamin $B_{12}$,942,0.878372,0.657942
NP,Vitamin $B_{12}$,943,0.880329,0.658250
NP,Vitamin $B_{12}$,944,0.880398,0.658356
NP,Vitamin $B_{12}$,945,0.880588,0.659324
NP,Vitamin $B_{12}$,946,0.881429,0.659557
NP,Vitamin $B_{12}$,947,0.879086,0.657969
NP,Vitamin $B_{12}$,948,0.880187,0.658321
NP,Vitamin $B_{12}$,949,0.880113,0.658756
NP,Vitamin $B_{12}$,950,0.880409,0.658862
NP,Vitamin $B_{12}$,951,0.880154,0.658699
NP,Vitamin $B_{12}$,952,0.879773,0.658393
NP,Vitamin $B_{12}$,953,0.880273,0.659008
NP,Vitamin $B_{12}$,954,0.879720,0.658727
NP,Vitamin $B_{12}$,955,0.879402,0.658907
NP,Vitamin $B_{12}$,956,0.879937,0.658470
NP,Vitamin $B_{12}$,957,0.881328,0.658938
NP,Vitamin $B_{12}$,958,0.880051,0.658714
NP,Vitamin $B_{12}$,959,0.879277,0.658443
NP,Vitamin $B_{12}$,960,0.880150,0.659153
NP,Vitamin $B_{12}$,961,0.880058,0.659394
NP,Vitamin $B_{12}$,962,0.879995,0.658757
NP,Vitamin $B_{12}$,963,0.879953,0.658330
NP,Vitamin $B_{12}$,964,0.879425,0.658430
NP,Vitamin $B_{12}$,965,0.880320,0.658988
NP,Vitamin $B_{12}$,966,0.879799,0.658589
NP,Vitamin $B_{12}$,967,0.880113,0.659446
NP,Vitamin $B_{12}$,968,0.879686,0.658791
NP,Vitamin $B_{12}$,969,0.880342,0.658769
NP,Vitamin $B_{12}$,970,0.877361,0.657754
NP,Vitamin $B_{12}$,971,0.880645,0.658765
NP,Vitamin $B_{12}$,972,0.880672,0.659222
NP,Vitamin $B_{12}$,973,0.879634,0.658054
NP,Vitamin $B_{12}$,974,0.881148,0.658535
NP,Vitamin $B_{12}$,975,0.880238,0.659226
NP,Vitamin $B_{12}$,976,0.878890,0.657158
NP,Vitamin $B_{12}$,977,0.879440,0.659717
NP,Vitamin $B_{12}$,978,0.880876,0.659153
NP,Vitamin $B_{12}$,979,0.880038,0.659035
NP,Vitamin $B_{12}$,980,0.880871,0.659007
NP,Vitamin $B_{12}$,981,0.880106,0.658810
NP,Vitamin $B_{12}$,982,0.880131,0.658797
NP,Vitamin $B_{12}$,983,0.880087,0.658491
NP,Vitamin $B_{12}$,984,0.880009,0.658571
NP,Vitamin $B_{12}$,985,0.878725,0.657846
NP,Vitamin $B_{12}$,986,0.880935,0.658690
NP,Vitamin $B_{12}$,987,0.880095,0.658778
NP,Vitamin $B_{12}$,988,0.880697,0.659509
NP,Vitamin $B_{12}$,989,0.879323,0.658963
NP,Vitamin $B_{12}$,990,0.880209,0.657946
NP,Vitamin $B_{12}$,991,0.877842,0.658700
NP,Vitamin $B_{12}$,992,0.881316,0.658982
NP,Vitamin $B_{12}$,993,0.880707,0.659624
NP,Vitamin $B_{12}$,994,0.880244,0.658427
NP,Vitamin $B_{12}$,995,0.879810,0.658847
NP,Vitamin $B_{12}$,996,0.879573,0.658432
NP,Vitamin $B_{12}$,997,0.880131,0.659199
NP,Vitamin $B_{12}$,998,0.880650,0.659069
NP,Vitamin $B_{12}$,999,0.879770,0.658694
NP,Vitamin $B_{12}$,1000,0.881016,0.659225
Damped NP,Vitamin $B_{12}$,1,0.083251,
Damped NP,Vitamin $B_{12}$,2,0.880111,0.667544
Damped NP,Vitamin $B_{12}$,3,0.887148,0.662440
Damped NP,Vitamin $B_{12}$,4,0.904076,0.686469
Damped NP,Vitamin $B_{12}$,5,0.881599,0.663306
Damped NP,Vitamin $B_{12}$,6,0.881417,0.664064
Damped NP,Vitamin $B_{12}$,7,0.884944,0.665056
Damped NP,Vitamin $B_{12}$,8,0.884172,0.663890
Damped NP,Vitamin $B_{12}$,9,0.883813,0.665092
Damped NP,Vitamin $B_{12}$,10,0.881022,0.663860
Damped NP,Vitamin $B_{12}$,11,0.882584,0.664404
Damped NP,Vitamin $B_{12}$,12,0.882712,0.664179
Damped NP,Vitamin $B_{12}$,13,0.879688,0.663274
Damped NP,Vitamin $B_{12}$,14,0.881611,0.663653
Damped NP,Vitamin $B_{12}$,15,0.882415,0.663899
Damped NP,Vitamin $B_{12}$,16,0.880466,0.661626
Damped NP,Vitamin $B_{12}$,17,0.888592,0.665195
Damped NP,Vitamin $B_{12}$,18,0.882299,0.664796
Damped NP,Vitamin $B_{12}$,19,0.881976,0.664078
Damped NP,Vitamin $B_{12}$,20,0.882039,0.664397
Damped NP,Vitamin $B_{12}$,21,0.882748,0.664827
Damped NP,Vitamin $B_{12}$,22,0.888232,0.665459
Damped NP,Vitamin $B_{12}$,23,0.057737,
ISI,Vitamin $B_{12}$,1,0.084082,
ISI,Vitamin $B_{12}$,2,0.967320,0.753125
ISI,Vitamin $B_{12}$,3,0.971942,0.751752
ISI,Vitamin $B_{12}$,4,0.973804,0.752770
ISI,Vitamin $B_{12}$,5,1.019612,0.796726
ISI,Vitamin $B_{12}$,6,0.979610,0.753633
ISI,Vitamin $B_{12}$,7,1.015356,0.792360
ISI,Vitamin $B_{12}$,8,0.993001,0.768437
ISI,Vitamin $B_{12}$,9,1.021211,0.800684
ISI,Vitamin $B_{12}$,10,1.012542,0.789542
ISI,Vitamin $B_{12}$,11,1.047855,0.825105
ISI,Vitamin $B_{12}$,12,1.048916,0.824262
ISI,Vitamin $B_{12}$,13,1.048904,0.823378
ISI,Vitamin $B_{12}$,14,1.049946,0.825074
ISI,Vitamin $B_{12}$,15,1.048621,0.823602
ISI,Vitamin $B_{12}$,16,1.047536,0.824038
ISI,Vitamin $B_{12}$,17,1.047367,0.821929
ISI,Vitamin $B_{12}$,18,1.047949,0.824274
ISI,Vitamin $B_{12}$,19,1.050142,0.824750
ISI,Vitamin $B_{12}$,20,1.055064,0.830134
ISI,Vitamin $B_{12}$,21,1.048522,0.822455
ISI,Vitamin $B_{12}$,22,1.052155,0.827412
ISI,Vitamin $B_{12}$,23,1.049712,0.824360
ISI,Vitamin $B_{12}$,24,1.051649,0.827161
ISI,Vitamin $B_{12}$,25,1.049336,0.824692
ISI,Vitamin $B_{12}$,26,1.045151,0.821389
ISI,Vitamin $B_{12}$,27,1.012611,0.788518
ISI,Vitamin $B_{12}$,28,1.057859,0.834867
ISI,Vitamin $B_{12}$,29,1.057652,0.831715
ISI,Vitamin $B_{12}$,30,1.044624,0.820305
ISI,Vitamin $B_{12}$,31,1.056614,0.830971
ISI,Vitamin $B_{12}$,32,1.061131,0.834681
ISI,Vitamin $B_{12}$,33,1.058644,0.833112
ISI,Vitamin $B_{12}$,34,1.063652,0.837789
ISI,Vitamin $B_{12}$,35,1.056716,0.831530
ISI,Vitamin $B_{12}$,36,1.062536,0.838254
ISI,Vitamin $B_{12}$,37,1.021352,0.795773
ISI,Vitamin $B_{12}$,38,0.063656,
