system,davidson_iteration,state_rule,state_index,corrected_epsilon,residual_norm,rho_deflated,lambda_min_deflated,damping_factor,cg_status,cg_iters,n_subspace,X_orthonormality_error,krylov_dim,commit
B12,5,homo,249,-0.054457250698990683,0.30127605448214095,1.0836716518809089,-0.7362534378988193,0.13187328105059037,"negative_curvature(it=3, pAp=-1.793e+00)",3,300,7.105427357601002e-15,40,765711d0afc1561e55721eddca68a37cbbeeb54f
B12,10,homo,249,-0.29761221563434354,0.2134264275163192,0.9699338280861936,-0.8095871177292441,0.09520644113537796,converged,64,300,9.325873406851315e-15,40,765711d0afc1561e55721eddca68a37cbbeeb54f
B12,15,homo,249,-0.33938335027032585,0.018778780618689175,0.9237155759245476,-0.8223571733944466,0.08882141330277671,converged,47,300,9.547918011776346e-15,40,765711d0afc1561e55721eddca68a37cbbeeb54f
B12,5,lowest,0,-1.1609412960513052,0.17223269076639264,1.135902157954685,-1.135902157954685,0.06795107897734254,converged,49,300,7.105427357601002e-15,40,765711d0afc1561e55721eddca68a37cbbeeb54f
B12,10,lowest,0,-1.1600959346845308,0.0033059190998091324,1.1365142559556527,-1.1365142559556527,0.06825712797782635,converged,49,300,9.325873406851315e-15,40,765711d0afc1561e55721eddca68a37cbbeeb54f
B12,15,lowest,0,-1.1600956175642319,9.117859231083281e-05,1.136463676069177,-1.136463676069177,0.06823183803458854,converged,49,300,9.547918011776346e-15,40,765711d0afc1561e55721eddca68a37cbbeeb54f
B12,5,middle,125,-0.5731738832074912,0.40479784480548664,0.9717096260515468,-0.8948273669513656,0.05258631652431722,converged,72,300,7.105427357601002e-15,40,765711d0afc1561e55721eddca68a37cbbeeb54f
B12,10,middle,125,-0.5798370971468073,0.012356812364071304,0.9220981726365789,-0.8969437335485388,0.05152813322573058,converged,48,300,9.325873406851315e-15,40,765711d0afc1561e55721eddca68a37cbbeeb54f
B12,15,middle,125,-0.5798475305780332,0.0004577972475805712,0.9220825421042672,-0.89695410753445,0.05152294623277498,converged,46,300,9.547918011776346e-15,40,765711d0afc1561e55721eddca68a37cbbeeb54f
B12,5,slowest,218,-0.3462285153222473,0.5899923484914703,1.0027337724216057,-0.8243904777262488,0.08780476113687558,"negative_curvature(it=26, pAp=-1.093e-01)",26,300,7.105427357601002e-15,40,765711d0afc1561e55721eddca68a37cbbeeb54f
B12,10,slowest,248,-0.30514641131129056,0.21617286363106744,0.9683879083967187,-0.811883813887742,0.094058093056129,converged,64,300,9.325873406851315e-15,40,765711d0afc1561e55721eddca68a37cbbeeb54f
B12,15,slowest,253,-0.22014192116552775,0.08072673535708368,0.9437782280359978,-0.7860655892172572,0.10696720539137139,converged,54,300,9.547918011776346e-15,40,765711d0afc1561e55721eddca68a37cbbeeb54f
C60_4,5,homo,479,-0.3190306539644982,0.4789436078410343,0.9584530482113252,-0.7977451535866829,0.10112742320665857,converged,61,576,4.884981308350689e-15,40,765711d0afc1561e55721eddca68a37cbbeeb54f
C60_4,10,homo,479,-0.359188927445111,0.009828429036211943,0.9270761204780162,-0.8112967306157985,0.09435163469210073,converged,47,576,8.523509307996153e-15,40,765711d0afc1561e55721eddca68a37cbbeeb54f
C60_4,15,homo,479,-0.3591888683884956,0.0003251494351344592,0.9226564515841594,-0.8112967443531005,0.09435162782344975,converged,45,576,9.972982727190759e-15,40,765711d0afc1561e55721eddca68a37cbbeeb54f
C60_4,5,lowest,0,-1.0823730319799914,0.0760173991382476,1.0733647104310577,-1.0733647104310577,0.03668235521552887,converged,47,576,4.884981308350689e-15,40,765711d0afc1561e55721eddca68a37cbbeeb54f
C60_4,10,lowest,0,-1.0821000717283642,0.0010067863298406539,1.07326939567198,-1.07326939567198,0.03663469783599005,converged,46,576,8.523509307996153e-15,40,765711d0afc1561e55721eddca68a37cbbeeb54f
C60_4,15,lowest,0,-1.082100031123945,2.8213580123678796e-05,1.0732694683839152,-1.0732694683839152,0.03663473419195762,converged,45,576,9.972982727190759e-15,40,765711d0afc1561e55721eddca68a37cbbeeb54f
C60_4,5,middle,240,-0.6153931744829024,0.29960082370499724,0.9210127906279005,-0.9001300586012482,0.049934970699375913,converged,46,576,4.884981308350689e-15,40,765711d0afc1561e55721eddca68a37cbbeeb54f
C60_4,10,middle,240,-0.6145079143915021,0.004496291347930542,0.9209979832110081,-0.8998231286137605,0.05008843569311977,converged,45,576,8.523509307996153e-15,40,765711d0afc1561e55721eddca68a37cbbeeb54f
C60_4,15,middle,240,-0.6145071539261712,0.00012029607849956201,0.9209980212931275,-0.8998229108903152,0.05008854455484241,converged,44,576,9.972982727190759e-15,40,765711d0afc1561e55721eddca68a37cbbeeb54f
C60_4,10,slowest,571,-0.10081385508931855,0.14935022498950032,1.0191353353471295,-0.7258889131728683,0.13705554341356585,"negative_curvature(it=7, pAp=-2.286e-04)",7,576,8.523509307996153e-15,40,765711d0afc1561e55721eddca68a37cbbeeb54f
C60_4,15,slowest,569,-0.12989663544925517,0.07740315505172954,0.9958755401686799,-0.73529884023997,0.13235057988001497,max_iter,200,576,9.972982727190759e-15,40,765711d0afc1561e55721eddca68a37cbbeeb54f
MAPbI3,5,homo,639,0.08812447595346028,0.5004034149565088,1.021140942838507,-0.2805570322314752,0.3597214838842624,"negative_curvature(it=4, pAp=-5.356e-02)",4,768,4.884981308350689e-15,40,765711d0afc1561e55721eddca68a37cbbeeb54f
MAPbI3,10,homo,639,-0.012676732622093434,0.005332612715532703,0.9298195616085504,-0.30413726877235325,0.3479313656138234,converged,39,768,9.717937006048071e-15,40,765711d0afc1561e55721eddca68a37cbbeeb54f
MAPbI3,15,homo,639,-0.012684512482356039,0.0001316153532005363,0.9260787950562984,-0.3041397167847109,0.34793014160764457,converged,38,768,1.1858010640032265e-14,40,765711d0afc1561e55721eddca68a37cbbeeb54f
MAPbI3,5,lowest,0,-0.8233364841361873,0.036467856874720386,0.8072532245511318,-0.4994001597281272,0.2502999201359364,converged,25,768,4.884981308350689e-15,40,765711d0afc1561e55721eddca68a37cbbeeb54f
MAPbI3,10,lowest,0,-0.823306658837575,6.727788566011286e-06,0.8072371004218711,-0.4994609968429504,0.2502695015785248,converged,24,768,9.717937006048071e-15,40,765711d0afc1561e55721eddca68a37cbbeeb54f
MAPbI3,15,lowest,0,-0.823306658836099,3.6941707250293754e-09,0.8072361709144826,-0.4994646030912921,0.2502676984543539,converged,24,768,1.1858010640032265e-14,40,765711d0afc1561e55721eddca68a37cbbeeb54f
MAPbI3,5,middle,320,-0.2726749458394073,0.2464244979902475,0.8583939477403543,-0.3655760812602633,0.31721195936986835,converged,28,768,4.884981308350689e-15,40,765711d0afc1561e55721eddca68a37cbbeeb54f
MAPbI3,10,middle,320,-0.28667884292176127,4.285970405158255e-05,0.8486260148136783,-0.36895470163352045,0.3155226491832398,converged,27,768,9.717937006048071e-15,40,765711d0afc1561e55721eddca68a37cbbeeb54f
MAPbI3,15,middle,320,-0.28667884312219527,7.029863486449686e-08,0.8458247306970066,-0.36895601353494617,0.31552199323252694,converged,26,768,1.1858010640032265e-14,40,765711d0afc1561e55721eddca68a37cbbeeb54f
MAPbI3,5,slowest,636,0.0666575684623904,0.5358311413662872,1.009946981143075,-0.28556123107393705,0.3572193844630315,"negative_curvature(it=15, pAp=-1.054e+01)",15,768,4.884981308350689e-15,40,765711d0afc1561e55721eddca68a37cbbeeb54f
MAPbI3,10,slowest,735,0.15781769321803732,0.10804257246034552,1.0062248991377263,-0.26439205511066277,0.3678039724446686,"negative_curvature(it=12, pAp=-8.343e-03)",12,768,9.717937006048071e-15,40,765711d0afc1561e55721eddca68a37cbbeeb54f
MAPbI3,15,slowest,736,0.14932042015448313,0.062448003682243416,0.9948508157842957,-0.2663619796010265,0.36681901019948676,converged,143,768,1.1858010640032265e-14,40,765711d0afc1561e55721eddca68a37cbbeeb54f
water_cluster_128,5,homo,511,-0.15652706929805893,0.5618183802899243,0.9903432895579805,-0.741529835328609,0.12923508233569547,"negative_curvature(it=5, pAp=-3.781e-02)",5,614,6.217248937900877e-15,40,765711d0afc1561e55721eddca68a37cbbeeb54f
water_cluster_128,10,homo,511,-0.37229925515379286,0.030297405703165994,0.9223540438296977,-0.8133305222561958,0.09333473887190208,converged,45,614,8.288953145310212e-15,40,765711d0afc1561e55721eddca68a37cbbeeb54f
water_cluster_128,15,homo,511,-0.3722682106330561,0.0008740999077718378,0.92233449332177,-0.8133200097610389,0.09333999511948055,converged,44,614,1.2712747666049611e-14,40,765711d0afc1561e55721eddca68a37cbbeeb54f
water_cluster_128,5,lowest,0,-1.1597404864805583,0.1552533859428372,1.101215491112693,-1.101215491112693,0.050607745556346506,converged,48,614,6.217248937900877e-15,40,765711d0afc1561e55721eddca68a37cbbeeb54f
water_cluster_128,10,lowest,0,-1.1590299078055755,0.0032183927153591643,1.10095170230415,-1.10095170230415,0.05047585115207498,converged,47,614,8.288953145310212e-15,40,765711d0afc1561e55721eddca68a37cbbeeb54f
water_cluster_128,15,lowest,0,-1.1590295474761658,9.304256345881335e-05,1.1009516444780938,-1.1009516444780938,0.0504758222390469,converged,47,614,1.2712747666049611e-14,40,765711d0afc1561e55721eddca68a37cbbeeb54f
water_cluster_128,5,middle,256,-0.5310764761495237,0.5245274609810353,0.9242933865087751,-0.868022977440942,0.06598851127952898,converged,51,614,6.217248937900877e-15,40,765711d0afc1561e55721eddca68a37cbbeeb54f
water_cluster_128,10,middle,256,-0.5403235777613087,0.015802911005736758,0.9215529581776291,-0.8712685206880001,0.06436573965599995,converged,45,614,8.288953145310212e-15,40,765711d0afc1561e55721eddca68a37cbbeeb54f
water_cluster_128,15,middle,256,-0.5403159439119634,0.000500965846798058,0.9215371985430435,-0.8712658797616157,0.06436706011919213,converged,44,614,1.2712747666049611e-14,40,765711d0afc1561e55721eddca68a37cbbeeb54f
water_cluster_128,5,slowest,482,-0.3082718409902151,0.6719840763462372,0.9479634351262359,-0.7917168196579242,0.10414159017103791,converged,68,614,6.217248937900877e-15,40,765711d0afc1561e55721eddca68a37cbbeeb54f
water_cluster_128,10,slowest,611,0.007545506101774154,0.07510165882012743,1.0144310010705841,-0.6888443246430768,0.15557783767846162,"negative_curvature(it=9, pAp=-7.957e+00)",9,614,8.288953145310212e-15,40,765711d0afc1561e55721eddca68a37cbbeeb54f
water_cluster_128,15,slowest,613,0.0034600773005591897,0.04814385817653371,1.0076001032511195,-0.6901369766501237,0.15493151167493813,"negative_curvature(it=8, pAp=-1.015e-02)",8,614,1.2712747666049611e-14,40,765711d0afc1561e55721eddca68a37cbbeeb54f
